2025-08-05T16:44:58.177Z,worker-mdyo3pbexh14ij6bp7,160.202.144.166,8,"Chrome on Android",Disconnected
2025-08-05T16:45:48.688Z,worker-mdyo3pbexh14ij6bp7,160.202.144.166,8,"Chrome on Android",Connected
2025-08-05T16:46:58.179Z,worker-mdyo3pbexh14ij6bp7,160.202.144.166,8,"Chrome on Android",Disconnected
2025-08-05T16:47:48.762Z,worker-mdyo3pbexh14ij6bp7,160.202.144.166,8,"Chrome on Android",Connected
2025-08-05T16:47:49.967Z,worker-mdyrvtz2hob05mljak9,160.202.144.166,8,"Firefox on Windows",Connected
2025-08-05T16:47:56.850Z,worker-mdyoc77v8og8iid2y02,160.202.144.166,8,"Firefox on Windows",Connected
2025-08-05T16:47:56.993Z,worker-mdypea0g649o7dhm35j,160.202.144.166,8,"Firefox on Windows",Connected
2025-08-05T16:47:57.180Z,worker-mdyqiqj5521co0jmj5h,123.49.52.54,12,"Chrome on Windows",Connected
2025-08-05T16:47:57.186Z,worker-mdyqi9ixbmhq4tzub5u,123.49.52.54,12,"Firefox on Windows",Connected
2025-08-05T16:47:57.463Z,worker-mdx1cw18y71uqtpye1a,160.202.144.166,8,"Firefox on Windows",Connected
2025-08-05T16:47:57.476Z,worker-mdyrvtz2hob05mljak9,160.202.144.166,8,"Firefox on Windows",Connected
2025-08-05T16:47:57.676Z,worker-mdyqnqp6e6b61f98cnr,160.202.144.166,4,"Chrome on Windows",Connected
2025-08-05T16:47:57.676Z,worker-mdyqh8ct3wwic77ujyc,160.202.144.166,4,"Chrome on Windows",Connected
2025-08-05T16:47:57.710Z,worker-mdyqm3si9968f2cnnoe,160.202.144.166,4,"Chrome on Windows",Connected
2025-08-05T16:47:57.724Z,worker-mdyqia85gbd4oh8wq99,123.49.52.54,12,"Firefox on Windows",Connected
2025-08-05T16:47:57.728Z,worker-mdyqifmqgvtorvwskku,123.49.52.54,12,"Chrome on Windows",Connected
2025-08-05T16:47:58.066Z,worker-mdyoc8ir45gtoycvyv3,160.202.144.166,8,"Firefox on Windows",Connected
2025-08-05T16:47:58.256Z,worker-mdyqib20vb2ouoc7sg,123.49.52.54,12,"Firefox on Windows",Connected
2025-08-05T16:47:58.313Z,worker-mdyqh690ie2snczeojm,160.202.144.166,4,"Chrome on Windows",Connected
2025-08-05T16:47:58.409Z,worker-mdyocezpmzvi152ik8c,160.202.144.166,4,"Chrome on Windows",Connected
2025-08-05T16:47:58.537Z,worker-mdyoc32pcvpwkg4tw2n,160.202.144.166,4,"Chrome on Windows",Connected
2025-08-05T16:47:58.659Z,worker-mdyoc7x06ljci6iq5ao,160.202.144.166,8,"Firefox on Windows",Connected
2025-08-05T16:47:58.791Z,worker-mdx1cfr1hv8jwsw7aa,123.49.52.54,12,"Firefox on Windows",Connected
2025-08-05T16:47:58.959Z,worker-mdyqh6cr4i8m23moyex,160.202.144.166,4,"Chrome on Windows",Connected
2025-08-05T16:47:59.067Z,worker-mdyqerh16twtop5xzpo,160.202.144.166,8,"Chrome on Android",Connected
2025-08-05T16:47:59.151Z,worker-mdyqlqzi9v3r6d42x2k,160.202.144.166,4,"Chrome on Windows",Connected
2025-08-05T16:47:59.240Z,worker-mdyoc3ws56bbzmb0223,160.202.144.166,4,"Chrome on Windows",Connected
2025-08-05T16:47:59.298Z,worker-mdyoc73418lboqq6zxs,160.202.144.166,8,"Firefox on Windows",Connected
2025-08-05T16:47:59.323Z,worker-mdx1ch51dq4eiwksxra,123.49.52.54,12,"Firefox on Windows",Connected
2025-08-05T16:47:59.607Z,worker-mdyokrg7my48psyk5j,160.202.144.166,4,"Chrome on Android",Connected
2025-08-05T16:47:59.821Z,worker-mdyqls4v6tbk8r2le4o,160.202.144.166,4,"Chrome on Windows",Connected
2025-08-05T16:47:59.860Z,worker-mdyqi9olwaggkgr92i,123.49.52.54,12,"Firefox on Windows",Connected
2025-08-05T16:48:00.395Z,worker-mdyqibn9xzxg8qepa1k,123.49.52.54,12,"Firefox on Windows",Connected
2025-08-05T16:48:02.421Z,worker-mdyqcvh6qzqxg7t06eq,160.202.144.166,8,"Chrome on Android",Connected
2025-08-05T16:48:17.299Z,worker-mdyo3pbexh14ij6bp7,160.202.144.166,8,"Chrome on Android",Connected
2025-08-05T16:48:19.009Z,worker-mdyqiqj5521co0jmj5h,123.49.52.54,12,"Chrome on Windows",Connected
2025-08-05T16:48:19.014Z,worker-mdyqibn9xzxg8qepa1k,123.49.52.54,12,"Firefox on Windows",Connected
2025-08-05T16:48:19.104Z,worker-mdyoc77v8og8iid2y02,160.202.144.166,8,"Firefox on Windows",Connected
2025-08-05T16:48:19.378Z,worker-mdyqnqp6e6b61f98cnr,160.202.144.166,4,"Chrome on Windows",Connected
2025-08-05T16:48:19.511Z,worker-mdyqh8ct3wwic77ujyc,160.202.144.166,4,"Chrome on Windows",Connected
2025-08-05T16:48:19.541Z,worker-mdx1cfr1hv8jwsw7aa,123.49.52.54,12,"Firefox on Windows",Connected
2025-08-05T16:48:19.624Z,worker-mdyqm3si9968f2cnnoe,160.202.144.166,4,"Chrome on Windows",Connected
2025-08-05T16:48:19.670Z,worker-mdyoc7x06ljci6iq5ao,160.202.144.166,8,"Firefox on Windows",Connected
2025-08-05T16:48:19.876Z,worker-mdyqifmqgvtorvwskku,123.49.52.54,12,"Chrome on Windows",Connected
2025-08-05T16:48:20.079Z,worker-mdx1ch51dq4eiwksxra,123.49.52.54,12,"Firefox on Windows",Connected
2025-08-05T16:48:20.263Z,worker-mdyoc73418lboqq6zxs,160.202.144.166,8,"Firefox on Windows",Connected
2025-08-05T16:48:20.590Z,worker-mdypea0g649o7dhm35j,160.202.144.166,8,"Firefox on Windows",Connected
2025-08-05T16:48:20.592Z,worker-mdyoc32pcvpwkg4tw2n,160.202.144.166,4,"Chrome on Windows",Connected
2025-08-05T16:48:20.610Z,worker-mdyqib20vb2ouoc7sg,123.49.52.54,12,"Firefox on Windows",Connected
2025-08-05T16:48:20.833Z,worker-mdx1cw18y71uqtpye1a,160.202.144.166,8,"Firefox on Windows",Connected
2025-08-05T16:48:20.985Z,worker-mdyqlqzi9v3r6d42x2k,160.202.144.166,4,"Chrome on Windows",Connected
2025-08-05T16:48:21.144Z,worker-mdyqi9ixbmhq4tzub5u,123.49.52.54,12,"Firefox on Windows",Connected
2025-08-05T16:48:21.150Z,worker-mdyrvtz2hob05mljak9,160.202.144.166,8,"Firefox on Windows",Connected
2025-08-05T16:48:21.189Z,worker-mdyokrg7my48psyk5j,160.202.144.166,4,"Chrome on Android",Connected
2025-08-05T16:48:21.193Z,worker-mdyqh690ie2snczeojm,160.202.144.166,4,"Chrome on Windows",Connected
2025-08-05T16:48:21.421Z,worker-mdyoc8ir45gtoycvyv3,160.202.144.166,8,"Firefox on Windows",Connected
2025-08-05T16:48:21.682Z,worker-mdyqi9olwaggkgr92i,123.49.52.54,12,"Firefox on Windows",Connected
2025-08-05T16:48:22.225Z,worker-mdyqia85gbd4oh8wq99,123.49.52.54,12,"Firefox on Windows",Connected
2025-08-05T16:48:22.554Z,worker-mdyqh6cr4i8m23moyex,160.202.144.166,4,"Chrome on Windows",Connected
2025-08-05T16:48:22.593Z,worker-mdyoc3ws56bbzmb0223,160.202.144.166,4,"Chrome on Windows",Connected
2025-08-05T16:48:22.594Z,worker-mdyqls4v6tbk8r2le4o,160.202.144.166,4,"Chrome on Windows",Connected
2025-08-05T16:48:23.144Z,worker-mdyqerh16twtop5xzpo,160.202.144.166,8,"Chrome on Android",Connected
2025-08-05T16:48:23.311Z,worker-mdyocezpmzvi152ik8c,160.202.144.166,4,"Chrome on Windows",Connected
2025-08-05T16:48:25.186Z,worker-mdyqcvh6qzqxg7t06eq,160.202.144.166,8,"Chrome on Android",Connected
2025-08-05T16:56:43.532Z,worker-mdyo3pbexh14ij6bp7,160.202.144.166,8,"Chrome on Android",Disconnected
2025-08-05T21:12:38.388Z,worker-mdyocezpmzvi152ik8c,160.202.144.166,4,"Chrome on Windows",Disconnected
2025-08-05T21:12:38.389Z,worker-mdyqls4v6tbk8r2le4o,160.202.144.166,4,"Chrome on Windows",Disconnected
2025-08-05T21:12:38.389Z,worker-mdyqm3si9968f2cnnoe,160.202.144.166,4,"Chrome on Windows",Disconnected
2025-08-05T21:12:38.394Z,worker-mdyqlqzi9v3r6d42x2k,160.202.144.166,4,"Chrome on Windows",Disconnected
2025-08-05T21:13:51.139Z,worker-mdyoc3ws56bbzmb0223,160.202.144.166,4,"Chrome on Windows",Disconnected
2025-08-05T21:13:51.139Z,worker-mdyoc32pcvpwkg4tw2n,160.202.144.166,4,"Chrome on Windows",Disconnected
2025-08-05T21:13:51.143Z,worker-mdyqnqp6e6b61f98cnr,160.202.144.166,4,"Chrome on Windows",Disconnected
2025-08-05T21:23:13.734Z,worker-mdyqerh16twtop5xzpo,160.202.144.166,8,"Chrome on Android",Disconnected
2025-08-06T00:11:44.327Z,worker-mdyqcvh6qzqxg7t06eq,160.202.144.166,8,"Chrome on Android",Disconnected
2025-08-06T02:31:17.500Z,worker-mdyokrg7my48psyk5j,160.202.144.166,4,"Chrome on Android",Disconnected
2025-08-06T02:48:48.610Z,worker-mdyqh8ct3wwic77ujyc,160.202.144.166,4,"Chrome on Windows",Connected
2025-08-06T02:48:48.670Z,worker-mdyoc77v8og8iid2y02,160.202.144.166,8,"Firefox on Windows",Connected
2025-08-06T02:48:48.922Z,worker-mdyqiqj5521co0jmj5h,202.40.184.247,12,"Chrome on Windows",Connected
2025-08-06T02:48:48.953Z,worker-mdyqi9ixbmhq4tzub5u,202.40.184.247,12,"Firefox on Windows",Connected
2025-08-06T02:48:49.234Z,worker-mdyqh690ie2snczeojm,160.202.144.166,4,"Chrome on Windows",Connected
2025-08-06T02:48:49.266Z,worker-mdyoc73418lboqq6zxs,160.202.144.166,8,"Firefox on Windows",Connected
2025-08-06T02:48:49.464Z,worker-mdyqia85gbd4oh8wq99,202.40.184.247,12,"Firefox on Windows",Connected
2025-08-06T02:48:49.477Z,worker-mdyqifmqgvtorvwskku,202.40.184.247,12,"Chrome on Windows",Connected
2025-08-06T02:48:49.936Z,worker-mdyoc7x06ljci6iq5ao,160.202.144.166,8,"Firefox on Windows",Connected
2025-08-06T02:48:50.007Z,worker-mdyqh6cr4i8m23moyex,160.202.144.166,4,"Chrome on Windows",Connected
2025-08-06T02:48:50.051Z,worker-mdypea0g649o7dhm35j,160.202.144.166,8,"Firefox on Windows",Connected
2025-08-06T02:48:50.064Z,worker-mdyrvtz2hob05mljak9,160.202.144.166,8,"Firefox on Windows",Connected
2025-08-06T02:48:50.185Z,worker-mdx1cfr1hv8jwsw7aa,202.40.184.247,12,"Firefox on Windows",Connected
2025-08-06T02:48:50.921Z,worker-mdyoc8ir45gtoycvyv3,160.202.144.166,8,"Firefox on Windows",Connected
2025-08-06T02:48:51.071Z,worker-mdyqib20vb2ouoc7sg,202.40.184.247,12,"Firefox on Windows",Connected
2025-08-06T02:48:51.909Z,worker-mdx1cw18y71uqtpye1a,160.202.144.166,8,"Firefox on Windows",Connected
2025-08-06T02:48:52.029Z,worker-mdx1ch51dq4eiwksxra,202.40.184.247,12,"Firefox on Windows",Connected
2025-08-06T02:48:53.212Z,worker-mdyqi9olwaggkgr92i,202.40.184.247,12,"Firefox on Windows",Connected
2025-08-06T02:48:54.213Z,worker-mdyqibn9xzxg8qepa1k,202.40.184.247,12,"Firefox on Windows",Connected
2025-08-06T02:49:03.481Z,worker-mdypea0g649o7dhm35j,160.202.144.166,8,"Firefox on Windows",Disconnected
2025-08-06T02:49:07.421Z,worker-mdzdd63rkxtn9dny488,160.202.144.166,8,"Firefox on Windows",Connected
2025-08-06T02:49:45.001Z,worker-mdyqh8ct3wwic77ujyc,160.202.144.166,4,"Chrome on Windows",Connected
2025-08-06T02:49:45.002Z,worker-mdyqiqj5521co0jmj5h,202.40.184.247,12,"Chrome on Windows",Connected
2025-08-06T02:49:45.015Z,worker-mdyqibn9xzxg8qepa1k,202.40.184.247,12,"Firefox on Windows",Connected
2025-08-06T02:49:45.052Z,worker-mdyoc77v8og8iid2y02,160.202.144.166,8,"Firefox on Windows",Connected
2025-08-06T02:49:45.301Z,worker-mdzddzrqp74aqloe36,160.202.144.166,8,"Firefox on Windows",Connected
2025-08-06T02:49:45.400Z,worker-mdyrvtz2hob05mljak9,160.202.144.166,8,"Firefox on Windows",Connected
2025-08-06T02:49:45.587Z,worker-mdx1cfr1hv8jwsw7aa,202.40.184.247,12,"Firefox on Windows",Connected
2025-08-06T02:49:45.601Z,worker-mdyqh6cr4i8m23moyex,160.202.144.166,4,"Chrome on Windows",Connected
2025-08-06T02:49:45.628Z,worker-mdzddzrqp74aqloe36,160.202.144.166,8,"Firefox on Windows",Disconnected
2025-08-06T02:49:45.676Z,worker-mdyoc7x06ljci6iq5ao,160.202.144.166,8,"Firefox on Windows",Connected
2025-08-06T02:49:45.957Z,worker-mdyqifmqgvtorvwskku,202.40.184.247,12,"Chrome on Windows",Connected
2025-08-06T02:49:46.144Z,worker-mdx1ch51dq4eiwksxra,202.40.184.247,12,"Firefox on Windows",Connected
2025-08-06T02:49:46.179Z,worker-mdyqh690ie2snczeojm,160.202.144.166,4,"Chrome on Windows",Connected
2025-08-06T02:49:46.297Z,worker-mdyoc8ir45gtoycvyv3,160.202.144.166,8,"Firefox on Windows",Connected
2025-08-06T02:49:46.704Z,worker-mdyqi9ixbmhq4tzub5u,202.40.184.247,12,"Firefox on Windows",Connected
2025-08-06T02:49:46.884Z,worker-mdyoc73418lboqq6zxs,160.202.144.166,8,"Firefox on Windows",Connected
2025-08-06T02:49:47.270Z,worker-mdyqib20vb2ouoc7sg,202.40.184.247,12,"Firefox on Windows",Connected
2025-08-06T02:49:47.360Z,worker-mdzde1ckyusfmx9xwqm,160.202.144.166,8,"Firefox on Windows",Connected
2025-08-06T02:49:47.503Z,worker-mdx1cw18y71uqtpye1a,160.202.144.166,8,"Firefox on Windows",Connected
2025-08-06T02:49:47.830Z,worker-mdyqi9olwaggkgr92i,202.40.184.247,12,"Firefox on Windows",Connected
2025-08-06T02:49:48.390Z,worker-mdyqia85gbd4oh8wq99,202.40.184.247,12,"Firefox on Windows",Connected
2025-08-06T02:52:46.986Z,worker-mdyrvtz2hob05mljak9,160.202.144.166,8,"Firefox on Windows",Connected
2025-08-06T02:52:46.995Z,worker-mdyqiqj5521co0jmj5h,202.40.184.247,12,"Chrome on Windows",Connected
2025-08-06T02:52:47.003Z,worker-mdyqh8ct3wwic77ujyc,160.202.144.166,4,"Chrome on Windows",Connected
2025-08-06T02:52:47.014Z,worker-mdyqibn9xzxg8qepa1k,202.40.184.247,12,"Firefox on Windows",Connected
2025-08-06T02:52:47.019Z,worker-mdzde1ckyusfmx9xwqm,160.202.144.166,8,"Firefox on Windows",Connected
2025-08-06T02:52:47.093Z,worker-mdyoc8ir45gtoycvyv3,160.202.144.166,8,"Firefox on Windows",Connected
2025-08-06T02:52:47.574Z,worker-mdyqib20vb2ouoc7sg,202.40.184.247,12,"Firefox on Windows",Connected
2025-08-06T02:52:47.630Z,worker-mdyqh690ie2snczeojm,160.202.144.166,4,"Chrome on Windows",Connected
2025-08-06T02:52:47.722Z,worker-mdx1cw18y71uqtpye1a,160.202.144.166,8,"Firefox on Windows",Connected
2025-08-06T02:52:47.958Z,worker-mdyqifmqgvtorvwskku,202.40.184.247,12,"Chrome on Windows",Connected
2025-08-06T02:52:48.149Z,worker-mdyqi9ixbmhq4tzub5u,202.40.184.247,12,"Firefox on Windows",Connected
2025-08-06T02:52:48.277Z,worker-mdyqh6cr4i8m23moyex,160.202.144.166,4,"Chrome on Windows",Connected
2025-08-06T02:52:48.308Z,worker-mdyoc7x06ljci6iq5ao,160.202.144.166,8,"Firefox on Windows",Connected
2025-08-06T02:52:48.707Z,worker-mdyqi9olwaggkgr92i,202.40.184.247,12,"Firefox on Windows",Connected
2025-08-06T02:52:48.885Z,worker-mdyoc73418lboqq6zxs,160.202.144.166,8,"Firefox on Windows",Connected
2025-08-06T02:52:49.267Z,worker-mdx1cfr1hv8jwsw7aa,202.40.184.247,12,"Firefox on Windows",Connected
2025-08-06T02:52:49.483Z,worker-mdyoc77v8og8iid2y02,160.202.144.166,8,"Firefox on Windows",Connected
2025-08-06T02:52:49.824Z,worker-mdx1ch51dq4eiwksxra,202.40.184.247,12,"Firefox on Windows",Connected
2025-08-06T02:52:50.381Z,worker-mdyqia85gbd4oh8wq99,202.40.184.247,12,"Firefox on Windows",Connected
2025-08-06T02:53:13.110Z,worker-mdyqibn9xzxg8qepa1k,202.40.184.247,12,"Firefox on Windows",Connected
2025-08-06T02:53:13.115Z,worker-mdyqiqj5521co0jmj5h,202.40.184.247,12,"Chrome on Windows",Connected
2025-08-06T02:53:13.137Z,worker-mdzde1ckyusfmx9xwqm,160.202.144.166,8,"Firefox on Windows",Connected
2025-08-06T02:53:13.171Z,worker-mdyoc8ir45gtoycvyv3,160.202.144.166,8,"Firefox on Windows",Connected
2025-08-06T02:53:13.183Z,worker-mdyqh8ct3wwic77ujyc,160.202.144.166,4,"Chrome on Windows",Connected
2025-08-06T02:53:13.666Z,worker-mdx1cfr1hv8jwsw7aa,202.40.184.247,12,"Firefox on Windows",Connected
2025-08-06T02:53:13.677Z,worker-mdyrvtz2hob05mljak9,160.202.144.166,8,"Firefox on Windows",Connected
2025-08-06T02:53:13.754Z,worker-mdyoc73418lboqq6zxs,160.202.144.166,8,"Firefox on Windows",Connected
2025-08-06T02:53:13.812Z,worker-mdyqh6cr4i8m23moyex,160.202.144.166,4,"Chrome on Windows",Connected
2025-08-06T02:53:13.966Z,worker-mdyqifmqgvtorvwskku,202.40.184.247,12,"Chrome on Windows",Connected
2025-08-06T02:53:14.224Z,worker-mdyqi9ixbmhq4tzub5u,202.40.184.247,12,"Firefox on Windows",Connected
2025-08-06T02:53:14.369Z,worker-mdyoc77v8og8iid2y02,160.202.144.166,8,"Firefox on Windows",Connected
2025-08-06T02:53:14.388Z,worker-mdyqh690ie2snczeojm,160.202.144.166,4,"Chrome on Windows",Connected
2025-08-06T02:53:14.780Z,worker-mdyqia85gbd4oh8wq99,202.40.184.247,12,"Firefox on Windows",Connected
2025-08-06T02:53:14.973Z,worker-mdyoc7x06ljci6iq5ao,160.202.144.166,8,"Firefox on Windows",Connected
2025-08-06T02:53:15.337Z,worker-mdyqib20vb2ouoc7sg,202.40.184.247,12,"Firefox on Windows",Connected
2025-08-06T02:53:15.592Z,worker-mdx1cw18y71uqtpye1a,160.202.144.166,8,"Firefox on Windows",Connected
2025-08-06T02:53:15.897Z,worker-mdyqi9olwaggkgr92i,202.40.184.247,12,"Firefox on Windows",Connected
2025-08-06T02:53:16.455Z,worker-mdx1ch51dq4eiwksxra,202.40.184.247,12,"Firefox on Windows",Connected
2025-08-06T02:53:38.406Z,worker-mdx1ch51dq4eiwksxra,202.40.184.247,12,"Firefox on Windows",Disconnected
2025-08-06T02:53:38.410Z,worker-mdyqibn9xzxg8qepa1k,202.40.184.247,12,"Firefox on Windows",Disconnected
2025-08-06T02:53:38.410Z,worker-mdyqiqj5521co0jmj5h,202.40.184.247,12,"Chrome on Windows",Disconnected
2025-08-06T02:53:38.410Z,worker-mdzde1ckyusfmx9xwqm,160.202.144.166,8,"Firefox on Windows",Disconnected
2025-08-06T02:53:38.410Z,worker-mdyoc8ir45gtoycvyv3,160.202.144.166,8,"Firefox on Windows",Disconnected
2025-08-06T02:53:38.410Z,worker-mdyqh8ct3wwic77ujyc,160.202.144.166,4,"Chrome on Windows",Disconnected
2025-08-06T02:53:38.410Z,worker-mdx1cfr1hv8jwsw7aa,202.40.184.247,12,"Firefox on Windows",Disconnected
2025-08-06T02:53:38.410Z,worker-mdyrvtz2hob05mljak9,160.202.144.166,8,"Firefox on Windows",Disconnected
2025-08-06T02:53:38.410Z,worker-mdyoc73418lboqq6zxs,160.202.144.166,8,"Firefox on Windows",Disconnected
2025-08-06T02:53:38.410Z,worker-mdyqh6cr4i8m23moyex,160.202.144.166,4,"Chrome on Windows",Disconnected
2025-08-06T02:53:38.410Z,worker-mdyqifmqgvtorvwskku,202.40.184.247,12,"Chrome on Windows",Disconnected
2025-08-06T02:53:38.410Z,worker-mdyqi9ixbmhq4tzub5u,202.40.184.247,12,"Firefox on Windows",Disconnected
2025-08-06T02:53:38.411Z,worker-mdyoc77v8og8iid2y02,160.202.144.166,8,"Firefox on Windows",Disconnected
2025-08-06T02:53:38.411Z,worker-mdyqh690ie2snczeojm,160.202.144.166,4,"Chrome on Windows",Disconnected
2025-08-06T02:53:38.411Z,worker-mdyqia85gbd4oh8wq99,202.40.184.247,12,"Firefox on Windows",Disconnected
2025-08-06T02:53:38.411Z,worker-mdyoc7x06ljci6iq5ao,160.202.144.166,8,"Firefox on Windows",Disconnected
2025-08-06T02:53:38.411Z,worker-mdyqib20vb2ouoc7sg,202.40.184.247,12,"Firefox on Windows",Disconnected
2025-08-06T02:53:38.411Z,worker-mdx1cw18y71uqtpye1a,160.202.144.166,8,"Firefox on Windows",Disconnected
2025-08-06T02:53:38.411Z,worker-mdyqi9olwaggkgr92i,202.40.184.247,12,"Firefox on Windows",Disconnected
2025-08-06T02:53:44.157Z,worker-mdyqh8ct3wwic77ujyc,160.202.144.166,4,"Chrome on Windows",Connected
2025-08-06T02:53:44.164Z,worker-mdyqiqj5521co0jmj5h,202.40.184.247,12,"Chrome on Windows",Connected
2025-08-06T02:53:44.170Z,worker-mdyqi9ixbmhq4tzub5u,202.40.184.247,12,"Firefox on Windows",Connected
2025-08-06T02:53:44.232Z,worker-mdyoc73418lboqq6zxs,160.202.144.166,8,"Firefox on Windows",Connected
2025-08-06T02:53:44.689Z,worker-mdzde1ckyusfmx9xwqm,160.202.144.166,8,"Firefox on Windows",Connected
2025-08-06T02:53:44.695Z,worker-mdyrvtz2hob05mljak9,160.202.144.166,8,"Firefox on Windows",Connected
2025-08-06T02:53:44.729Z,worker-mdyqi9olwaggkgr92i,202.40.184.247,12,"Firefox on Windows",Connected
2025-08-06T02:53:44.734Z,worker-mdyqh690ie2snczeojm,160.202.144.166,4,"Chrome on Windows",Connected
2025-08-06T02:53:44.873Z,worker-mdyoc77v8og8iid2y02,160.202.144.166,8,"Firefox on Windows",Connected
2025-08-06T02:53:44.972Z,worker-mdyqifmqgvtorvwskku,202.40.184.247,12,"Chrome on Windows",Connected
2025-08-06T02:53:45.289Z,worker-mdx1ch51dq4eiwksxra,202.40.184.247,12,"Firefox on Windows",Connected
2025-08-06T02:53:45.330Z,worker-mdyqh6cr4i8m23moyex,160.202.144.166,4,"Chrome on Windows",Connected
2025-08-06T02:53:45.503Z,worker-mdyoc7x06ljci6iq5ao,160.202.144.166,8,"Firefox on Windows",Connected
2025-08-06T02:53:45.846Z,worker-mdyqib20vb2ouoc7sg,202.40.184.247,12,"Firefox on Windows",Connected
2025-08-06T02:53:46.110Z,worker-mdx1cw18y71uqtpye1a,160.202.144.166,8,"Firefox on Windows",Connected
2025-08-06T02:53:46.404Z,worker-mdx1cfr1hv8jwsw7aa,202.40.184.247,12,"Firefox on Windows",Connected
2025-08-06T02:53:46.719Z,worker-mdyoc8ir45gtoycvyv3,160.202.144.166,8,"Firefox on Windows",Connected
2025-08-06T02:53:46.963Z,worker-mdyqia85gbd4oh8wq99,202.40.184.247,12,"Firefox on Windows",Connected
2025-08-06T02:53:47.520Z,worker-mdyqibn9xzxg8qepa1k,202.40.184.247,12,"Firefox on Windows",Connected
2025-08-06T02:55:11.500Z,worker-mdyqiqj5521co0jmj5h,202.40.184.247,12,"Chrome on Windows",Connected
2025-08-06T02:55:12.082Z,worker-mdyqh8ct3wwic77ujyc,160.202.144.166,4,"Chrome on Windows",Connected
2025-08-06T02:55:15.815Z,worker-mdyqh690ie2snczeojm,160.202.144.166,4,"Chrome on Windows",Connected
2025-08-06T02:55:15.970Z,worker-mdyqifmqgvtorvwskku,202.40.184.247,12,"Chrome on Windows",Connected
2025-08-06T02:55:17.838Z,worker-mdyqh6cr4i8m23moyex,160.202.144.166,4,"Chrome on Windows",Connected
2025-08-06T02:55:17.843Z,worker-mdx1cw18y71uqtpye1a,160.202.144.166,8,"Firefox on Windows",Connected
2025-08-06T02:55:18.432Z,worker-mdyoc77v8og8iid2y02,160.202.144.166,8,"Firefox on Windows",Connected
2025-08-06T02:55:19.005Z,worker-mdyoc73418lboqq6zxs,160.202.144.166,8,"Firefox on Windows",Connected
2025-08-06T02:55:19.614Z,worker-mdyoc8ir45gtoycvyv3,160.202.144.166,8,"Firefox on Windows",Connected
2025-08-06T02:55:20.216Z,worker-mdyoc7x06ljci6iq5ao,160.202.144.166,8,"Firefox on Windows",Connected
2025-08-06T02:55:23.833Z,worker-mdyqi9ixbmhq4tzub5u,202.40.184.247,12,"Firefox on Windows",Connected
2025-08-06T02:55:24.390Z,worker-mdyqi9olwaggkgr92i,202.40.184.247,12,"Firefox on Windows",Connected
2025-08-06T02:55:24.949Z,worker-mdyqia85gbd4oh8wq99,202.40.184.247,12,"Firefox on Windows",Connected
2025-08-06T02:55:25.522Z,worker-mdyqibn9xzxg8qepa1k,202.40.184.247,12,"Firefox on Windows",Connected
2025-08-06T02:55:26.082Z,worker-mdyqib20vb2ouoc7sg,202.40.184.247,12,"Firefox on Windows",Connected
2025-08-06T02:55:26.641Z,worker-mdx1cfr1hv8jwsw7aa,202.40.184.247,12,"Firefox on Windows",Connected
2025-08-06T02:55:27.197Z,worker-mdx1ch51dq4eiwksxra,202.40.184.247,12,"Firefox on Windows",Connected
2025-08-06T02:55:27.454Z,worker-mdzde1ckyusfmx9xwqm,160.202.144.166,8,"Firefox on Windows",Connected
2025-08-06T02:55:27.475Z,worker-mdyrvtz2hob05mljak9,160.202.144.166,8,"Firefox on Windows",Connected
2025-08-06T02:56:09.796Z,worker-mdyqerh16twtop5xzpo,160.202.144.166,8,"Chrome on Android",Connected
2025-08-06T02:56:11.507Z,worker-mdyqerh16twtop5xzpo,160.202.144.166,8,"Chrome on Android",Disconnected
2025-08-06T02:56:16.662Z,worker-mdzdmhn5sohylu3nfnj,160.202.144.166,8,"Chrome on Android",Connected
2025-08-06T02:56:36.148Z,worker-mdzdmpi5ik3b3kph4om,160.202.144.166,8,"Chrome on Android",Connected
2025-08-06T02:56:48.734Z,worker-mdzdn2azbjydsdmj7zl,160.202.144.166,8,"Chrome on Android",Connected
2025-08-06T02:56:49.661Z,worker-mdyo3pbexh14ij6bp7,160.202.144.166,8,"Chrome on Android",Connected
2025-08-06T02:57:04.110Z,worker-mdzdne72zwjhu1mqqp,160.202.144.166,8,"Chrome on Android",Connected
2025-08-06T02:57:38.450Z,worker-mdzdo4pxhv07gjz8ctp,160.202.144.166,4,"Chrome on Windows",Connected
2025-08-06T02:57:39.484Z,worker-mdyocezpmzvi152ik8c,160.202.144.166,4,"Chrome on Windows",Connected
2025-08-06T02:57:41.001Z,worker-mdyocezpmzvi152ik8c,160.202.144.166,4,"Chrome on Windows",Disconnected
2025-08-06T02:57:44.176Z,worker-mdzdo7pl2bh0j2ghhr,160.202.144.166,4,"Chrome on Windows",Connected
2025-08-06T02:57:46.164Z,worker-mdzdoan4zaikl8lwwn8,160.202.144.166,4,"Chrome on Windows",Connected
2025-08-06T02:57:47.522Z,worker-mdzdoc2gfcujds8gdi6,160.202.144.166,4,"Chrome on Windows",Connected
2025-08-06T02:58:28.009Z,worker-mdzdp6wp26d25l6k9aa,160.202.144.166,4,"Chrome on Windows",Connected
2025-08-06T02:58:31.819Z,worker-mdzdp9efx9uq5if6l48,160.202.144.166,4,"Chrome on Windows",Connected
2025-08-06T02:58:36.450Z,worker-mdzdpd4n0phen1lpnqy,160.202.144.166,4,"Chrome on Windows",Connected
2025-08-06T02:59:52.795Z,worker-mdyokrg7my48psyk5j,202.134.9.146,4,"Chrome on Android",Connected
2025-08-06T03:00:21.248Z,worker-mdzdrlcv278dg3up4xa,160.202.144.166,4,"Chrome on Windows",Connected
2025-08-06T03:02:14.681Z,worker-mdzdtn1wslfnwy0hwee,160.202.144.166,8,"Chrome on Android",Connected
2025-08-06T03:03:37.037Z,worker-mdzdvshwebevd8t1aa7,160.202.144.166,8,"Chrome on Android",Connected
2025-08-06T03:03:41.627Z,worker-mdzdvwigl7lo3y3d2i,160.202.144.166,8,"Chrome on Android",Connected
2025-08-06T03:14:12.377Z,worker-mdzdvshwebevd8t1aa7,160.202.144.166,8,"Chrome on Android",Disconnected
2025-08-06T03:14:12.382Z,worker-mdzdtn1wslfnwy0hwee,160.202.144.166,8,"Chrome on Android",Disconnected
2025-08-06T03:17:42.007Z,worker-mdzdn2azbjydsdmj7zl,160.202.144.166,8,"Chrome on Android",Disconnected
2025-08-06T03:18:41.724Z,worker-mdzdn2azbjydsdmj7zl,160.202.144.166,8,"Chrome on Android",Connected
2025-08-06T03:18:42.008Z,worker-mdyo3pbexh14ij6bp7,160.202.144.166,8,"Chrome on Android",Disconnected
2025-08-06T03:19:42.009Z,worker-mdzdn2azbjydsdmj7zl,160.202.144.166,8,"Chrome on Android",Disconnected
2025-08-06T03:20:40.658Z,worker-mdzdn2azbjydsdmj7zl,160.202.144.166,8,"Chrome on Android",Connected
2025-08-06T03:23:37.741Z,worker-mdyokrg7my48psyk5j,202.134.9.146,4,"Chrome on Android",Disconnected
2025-08-06T03:26:04.447Z,worker-mdzdmpi5ik3b3kph4om,160.202.144.166,8,"Chrome on Android",Disconnected
