2025-08-05T11:02:29.062Z,worker-mdye6584g79gqn7p6pn,160.202.144.166,8,"Chrome on Android",Disconnected
2025-08-05T11:03:56.493Z,worker-mdye6584g79gqn7p6pn,160.202.144.166,8,"Chrome on Android",Connected
2025-08-05T11:04:59.062Z,worker-mdye6584g79gqn7p6pn,160.202.144.166,8,"Chrome on Android",Disconnected
2025-08-05T11:05:59.062Z,worker-mdye75yf5f9g26gd8o4,160.202.144.166,8,"Chrome on Android",Disconnected
2025-08-05T11:09:36.529Z,worker-mdyeu7duvwu8kt1u5ua,160.202.144.166,8,"Firefox on Windows",Connected
2025-08-05T11:09:36.542Z,worker-mdy9j44sy62z02mhc4,160.202.144.166,4,"Chrome on Windows",Connected
2025-08-05T11:09:36.553Z,worker-mdybt3uins0trow4d57,160.202.144.166,4,"Chrome on Windows",Connected
2025-08-05T11:09:36.556Z,worker-mdx1cunsvey9o6l7y1,160.202.144.166,8,"Firefox on Windows",Connected
2025-08-05T11:09:36.559Z,worker-mdyevawi675hn4t23m3,160.202.144.166,4,"Firefox on Windows",Connected
2025-08-05T11:09:36.661Z,worker-mdx0a5jnb7zf9bage4o,123.49.52.54,12,"Chrome on Windows",Connected
2025-08-05T11:09:36.669Z,worker-mdx1cb18bhmyr117iut,123.49.52.54,12,"Firefox on Windows",Connected
2025-08-05T11:09:36.956Z,worker-mdyested4bbyqw9ggpw,160.202.144.166,4,"Chrome on Android",Connected
2025-08-05T11:09:37.152Z,worker-mdybswun9j2maja70qj,160.202.144.166,4,"Chrome on Windows",Connected
2025-08-05T11:09:37.157Z,worker-mdyevg53k0wsa8ldvhg,160.202.144.166,4,"Firefox on Windows",Connected
2025-08-05T11:09:37.175Z,worker-mdx1cs5di06uwakm1ko,160.202.144.166,8,"Firefox on Windows",Connected
2025-08-05T11:09:37.200Z,worker-mdx1cdbbvxgql6o792h,123.49.52.54,12,"Firefox on Windows",Connected
2025-08-05T11:09:37.225Z,worker-mdy9j3xq80rx56t1cmj,160.202.144.166,4,"Chrome on Windows",Connected
2025-08-05T11:09:37.731Z,worker-mdx1cfr1hv8jwsw7aa,123.49.52.54,12,"Firefox on Windows",Connected
2025-08-05T11:09:37.750Z,worker-mdybssi77l71651hqfj,160.202.144.166,4,"Chrome on Windows",Connected
2025-08-05T11:09:37.776Z,worker-mdyevbqqb7oocd9b3z,160.202.144.166,4,"Firefox on Windows",Connected
2025-08-05T11:09:37.780Z,worker-mdx1ctl83d1be40n8z9,160.202.144.166,8,"Firefox on Windows",Connected
2025-08-05T11:09:37.818Z,worker-mdy9j4vd01vbjtkqhf0c,160.202.144.166,4,"Chrome on Windows",Connected
2025-08-05T11:09:38.268Z,worker-mdx1ch51dq4eiwksxra,123.49.52.54,12,"Firefox on Windows",Connected
2025-08-05T11:09:38.360Z,worker-mdx1crp2vm6d0l4qc99,160.202.144.166,8,"Firefox on Windows",Connected
2025-08-05T11:09:38.797Z,worker-mdx1cc4g1gzzpbn213y,123.49.52.54,12,"Firefox on Windows",Connected
2025-08-05T11:09:38.958Z,worker-mdx1cw18y71uqtpye1a,160.202.144.166,8,"Firefox on Windows",Connected
2025-08-05T11:09:39.328Z,worker-mdx1cei64a0drj6vxb3,123.49.52.54,12,"Firefox on Windows",Connected
2025-08-05T11:09:39.867Z,worker-mdx1c9o6y4xchhb9a2a,123.49.52.54,12,"Firefox on Windows",Connected
2025-08-05T11:10:21.103Z,worker-mdx0a5jnb7zf9bage4o,123.49.52.54,12,"Chrome on Windows",Connected
2025-08-05T11:10:21.105Z,worker-mdx1cdbbvxgql6o792h,123.49.52.54,12,"Firefox on Windows",Connected
2025-08-05T11:10:21.154Z,worker-mdyeu7duvwu8kt1u5ua,160.202.144.166,8,"Firefox on Windows",Connected
2025-08-05T11:10:21.178Z,worker-mdybt3uins0trow4d57,160.202.144.166,4,"Chrome on Windows",Connected
2025-08-05T11:10:21.201Z,worker-mdx1crp2vm6d0l4qc99,160.202.144.166,8,"Firefox on Windows",Connected
2025-08-05T11:10:21.278Z,worker-mdyevawi675hn4t23m3,160.202.144.166,4,"Firefox on Windows",Connected
2025-08-05T11:10:21.288Z,worker-mdy9j44sy62z02mhc4,160.202.144.166,4,"Chrome on Windows",Connected
2025-08-05T11:10:21.594Z,worker-mdyested4bbyqw9ggpw,160.202.144.166,4,"Chrome on Android",Connected
2025-08-05T11:10:21.638Z,worker-mdx1cb18bhmyr117iut,123.49.52.54,12,"Firefox on Windows",Connected
2025-08-05T11:10:21.795Z,worker-mdybswun9j2maja70qj,160.202.144.166,4,"Chrome on Windows",Connected
2025-08-05T11:10:21.819Z,worker-mdx1cunsvey9o6l7y1,160.202.144.166,8,"Firefox on Windows",Connected
2025-08-05T11:10:21.861Z,worker-mdyevg53k0wsa8ldvhg,160.202.144.166,4,"Firefox on Windows",Connected
2025-08-05T11:10:21.901Z,worker-mdy9j4vd01vbjtkqhf0c,160.202.144.166,4,"Chrome on Windows",Connected
2025-08-05T11:10:22.169Z,worker-mdx1c9o6y4xchhb9a2a,123.49.52.54,12,"Firefox on Windows",Connected
2025-08-05T11:10:22.391Z,worker-mdybssi77l71651hqfj,160.202.144.166,4,"Chrome on Windows",Connected
2025-08-05T11:10:22.416Z,worker-mdx1ctl83d1be40n8z9,160.202.144.166,8,"Firefox on Windows",Connected
2025-08-05T11:10:22.518Z,worker-mdy9j3xq80rx56t1cmj,160.202.144.166,4,"Chrome on Windows",Connected
2025-08-05T11:10:22.519Z,worker-mdyevbqqb7oocd9b3z,160.202.144.166,4,"Firefox on Windows",Connected
2025-08-05T11:10:22.701Z,worker-mdx1ch51dq4eiwksxra,123.49.52.54,12,"Firefox on Windows",Connected
2025-08-05T11:10:23.033Z,worker-mdx1cw18y71uqtpye1a,160.202.144.166,8,"Firefox on Windows",Connected
2025-08-05T11:10:23.236Z,worker-mdx1cei64a0drj6vxb3,123.49.52.54,12,"Firefox on Windows",Connected
2025-08-05T11:10:23.634Z,worker-mdx1cs5di06uwakm1ko,160.202.144.166,8,"Firefox on Windows",Connected
2025-08-05T11:10:23.765Z,worker-mdx1cc4g1gzzpbn213y,123.49.52.54,12,"Firefox on Windows",Connected
2025-08-05T11:10:24.303Z,worker-mdx1cfr1hv8jwsw7aa,123.49.52.54,12,"Firefox on Windows",Connected
2025-08-05T11:10:32.768Z,worker-mdye6584g79gqn7p6pn,160.202.144.166,8,"Chrome on Android",Connected
2025-08-05T11:10:47.183Z,worker-mdx0a5jnb7zf9bage4o,123.49.52.54,12,"Chrome on Windows",Connected
2025-08-05T11:10:47.186Z,worker-mdx1cdbbvxgql6o792h,123.49.52.54,12,"Firefox on Windows",Connected
2025-08-05T11:10:47.236Z,worker-mdyeu7duvwu8kt1u5ua,160.202.144.166,8,"Firefox on Windows",Connected
2025-08-05T11:10:47.251Z,worker-mdx1ctl83d1be40n8z9,160.202.144.166,8,"Firefox on Windows",Connected
2025-08-05T11:10:47.300Z,worker-mdybt3uins0trow4d57,160.202.144.166,4,"Chrome on Windows",Connected
2025-08-05T11:10:47.309Z,worker-mdy9j44sy62z02mhc4,160.202.144.166,4,"Chrome on Windows",Connected
2025-08-05T11:10:47.317Z,worker-mdyevawi675hn4t23m3,160.202.144.166,4,"Firefox on Windows",Connected
2025-08-05T11:10:47.387Z,worker-mdyested4bbyqw9ggpw,160.202.144.166,4,"Chrome on Android",Connected
2025-08-05T11:10:47.719Z,worker-mdx1cc4g1gzzpbn213y,123.49.52.54,12,"Firefox on Windows",Connected
2025-08-05T11:10:47.720Z,worker-mdye6584g79gqn7p6pn,160.202.144.166,8,"Chrome on Android",Connected
2025-08-05T11:10:47.862Z,worker-mdx1cw18y71uqtpye1a,160.202.144.166,8,"Firefox on Windows",Connected
2025-08-05T11:10:47.903Z,worker-mdyevg53k0wsa8ldvhg,160.202.144.166,4,"Firefox on Windows",Connected
2025-08-05T11:10:47.925Z,worker-mdybssi77l71651hqfj,160.202.144.166,4,"Chrome on Windows",Connected
2025-08-05T11:10:48.241Z,worker-mdy9j4vd01vbjtkqhf0c,160.202.144.166,4,"Chrome on Windows",Connected
2025-08-05T11:10:48.248Z,worker-mdx1c9o6y4xchhb9a2a,123.49.52.54,12,"Firefox on Windows",Connected
2025-08-05T11:10:48.431Z,worker-mdx1cunsvey9o6l7y1,160.202.144.166,8,"Firefox on Windows",Connected
2025-08-05T11:10:48.506Z,worker-mdyevbqqb7oocd9b3z,160.202.144.166,4,"Firefox on Windows",Connected
2025-08-05T11:10:48.582Z,worker-mdybswun9j2maja70qj,160.202.144.166,4,"Chrome on Windows",Connected
2025-08-05T11:10:48.778Z,worker-mdx1cei64a0drj6vxb3,123.49.52.54,12,"Firefox on Windows",Connected
2025-08-05T11:10:48.849Z,worker-mdy9j3xq80rx56t1cmj,160.202.144.166,4,"Chrome on Windows",Connected
2025-08-05T11:10:49.040Z,worker-mdx1cs5di06uwakm1ko,160.202.144.166,8,"Firefox on Windows",Connected
2025-08-05T11:10:49.311Z,worker-mdx1cb18bhmyr117iut,123.49.52.54,12,"Firefox on Windows",Connected
2025-08-05T11:10:49.640Z,worker-mdx1crp2vm6d0l4qc99,160.202.144.166,8,"Firefox on Windows",Connected
2025-08-05T11:10:49.851Z,worker-mdx1cfr1hv8jwsw7aa,123.49.52.54,12,"Firefox on Windows",Connected
2025-08-05T11:10:50.383Z,worker-mdx1ch51dq4eiwksxra,123.49.52.54,12,"Firefox on Windows",Connected
2025-08-05T11:11:12.553Z,worker-mdx1ch51dq4eiwksxra,123.49.52.54,12,"Firefox on Windows",Disconnected
2025-08-05T11:11:12.557Z,worker-mdx0a5jnb7zf9bage4o,123.49.52.54,12,"Chrome on Windows",Disconnected
2025-08-05T11:11:12.558Z,worker-mdx1cdbbvxgql6o792h,123.49.52.54,12,"Firefox on Windows",Disconnected
2025-08-05T11:11:12.558Z,worker-mdyeu7duvwu8kt1u5ua,160.202.144.166,8,"Firefox on Windows",Disconnected
2025-08-05T11:11:12.558Z,worker-mdybt3uins0trow4d57,160.202.144.166,4,"Chrome on Windows",Disconnected
2025-08-05T11:11:12.558Z,worker-mdy9j44sy62z02mhc4,160.202.144.166,4,"Chrome on Windows",Disconnected
2025-08-05T11:11:12.558Z,worker-mdyevawi675hn4t23m3,160.202.144.166,4,"Firefox on Windows",Disconnected
2025-08-05T11:11:12.558Z,worker-mdyested4bbyqw9ggpw,160.202.144.166,4,"Chrome on Android",Disconnected
2025-08-05T11:11:12.558Z,worker-mdye6584g79gqn7p6pn,160.202.144.166,8,"Chrome on Android",Disconnected
2025-08-05T11:11:12.558Z,worker-mdx1cc4g1gzzpbn213y,123.49.52.54,12,"Firefox on Windows",Disconnected
2025-08-05T11:11:12.559Z,worker-mdx1cw18y71uqtpye1a,160.202.144.166,8,"Firefox on Windows",Disconnected
2025-08-05T11:11:12.559Z,worker-mdyevg53k0wsa8ldvhg,160.202.144.166,4,"Firefox on Windows",Disconnected
2025-08-05T11:11:12.559Z,worker-mdybssi77l71651hqfj,160.202.144.166,4,"Chrome on Windows",Disconnected
2025-08-05T11:11:12.559Z,worker-mdy9j4vd01vbjtkqhf0c,160.202.144.166,4,"Chrome on Windows",Disconnected
2025-08-05T11:11:12.559Z,worker-mdx1c9o6y4xchhb9a2a,123.49.52.54,12,"Firefox on Windows",Disconnected
2025-08-05T11:11:12.559Z,worker-mdx1ctl83d1be40n8z9,160.202.144.166,8,"Firefox on Windows",Disconnected
2025-08-05T11:11:12.559Z,worker-mdx1cunsvey9o6l7y1,160.202.144.166,8,"Firefox on Windows",Disconnected
2025-08-05T11:11:12.559Z,worker-mdyevbqqb7oocd9b3z,160.202.144.166,4,"Firefox on Windows",Disconnected
2025-08-05T11:11:12.559Z,worker-mdybswun9j2maja70qj,160.202.144.166,4,"Chrome on Windows",Disconnected
2025-08-05T11:11:12.559Z,worker-mdx1cei64a0drj6vxb3,123.49.52.54,12,"Firefox on Windows",Disconnected
2025-08-05T11:11:12.559Z,worker-mdy9j3xq80rx56t1cmj,160.202.144.166,4,"Chrome on Windows",Disconnected
2025-08-05T11:11:12.559Z,worker-mdx1cs5di06uwakm1ko,160.202.144.166,8,"Firefox on Windows",Disconnected
2025-08-05T11:11:12.559Z,worker-mdx1cb18bhmyr117iut,123.49.52.54,12,"Firefox on Windows",Disconnected
2025-08-05T11:11:12.560Z,worker-mdx1crp2vm6d0l4qc99,160.202.144.166,8,"Firefox on Windows",Disconnected
2025-08-05T11:11:12.560Z,worker-mdx1cfr1hv8jwsw7aa,123.49.52.54,12,"Firefox on Windows",Disconnected
2025-08-05T11:11:18.279Z,worker-mdx0a5jnb7zf9bage4o,123.49.52.54,12,"Chrome on Windows",Connected
2025-08-05T11:11:18.292Z,worker-mdx1cei64a0drj6vxb3,123.49.52.54,12,"Firefox on Windows",Connected
2025-08-05T11:11:18.354Z,worker-mdyeu7duvwu8kt1u5ua,160.202.144.166,8,"Firefox on Windows",Connected
2025-08-05T11:11:18.372Z,worker-mdx1ctl83d1be40n8z9,160.202.144.166,8,"Firefox on Windows",Connected
2025-08-05T11:11:18.649Z,worker-mdyested4bbyqw9ggpw,160.202.144.166,4,"Chrome on Android",Connected
2025-08-05T11:11:18.824Z,worker-mdx1cb18bhmyr117iut,123.49.52.54,12,"Firefox on Windows",Connected
2025-08-05T11:11:18.939Z,worker-mdx1cunsvey9o6l7y1,160.202.144.166,8,"Firefox on Windows",Connected
2025-08-05T11:11:19.357Z,worker-mdx1cc4g1gzzpbn213y,123.49.52.54,12,"Firefox on Windows",Connected
2025-08-05T11:11:19.406Z,worker-mdy9j44sy62z02mhc4,160.202.144.166,4,"Chrome on Windows",Connected
2025-08-05T11:11:19.412Z,worker-mdyevawi675hn4t23m3,160.202.144.166,4,"Firefox on Windows",Connected
2025-08-05T11:11:19.461Z,worker-mdye6584g79gqn7p6pn,160.202.144.166,8,"Chrome on Android",Connected
2025-08-05T11:11:19.549Z,worker-mdx1cw18y71uqtpye1a,160.202.144.166,8,"Firefox on Windows",Connected
2025-08-05T11:11:19.890Z,worker-mdx1cdbbvxgql6o792h,123.49.52.54,12,"Firefox on Windows",Connected
2025-08-05T11:11:20.111Z,worker-mdybt3uins0trow4d57,160.202.144.166,4,"Chrome on Windows",Connected
2025-08-05T11:11:20.162Z,worker-mdx1crp2vm6d0l4qc99,160.202.144.166,8,"Firefox on Windows",Connected
2025-08-05T11:11:20.406Z,worker-mdy9j4vd01vbjtkqhf0c,160.202.144.166,4,"Chrome on Windows",Connected
2025-08-05T11:11:20.406Z,worker-mdyevg53k0wsa8ldvhg,160.202.144.166,4,"Firefox on Windows",Connected
2025-08-05T11:11:20.422Z,worker-mdx1ch51dq4eiwksxra,123.49.52.54,12,"Firefox on Windows",Connected
2025-08-05T11:11:20.734Z,worker-mdybssi77l71651hqfj,160.202.144.166,4,"Chrome on Windows",Connected
2025-08-05T11:11:20.749Z,worker-mdx1cs5di06uwakm1ko,160.202.144.166,8,"Firefox on Windows",Connected
2025-08-05T11:11:20.953Z,worker-mdx1cfr1hv8jwsw7aa,123.49.52.54,12,"Firefox on Windows",Connected
2025-08-05T11:11:21.467Z,worker-mdyevbqqb7oocd9b3z,160.202.144.166,4,"Firefox on Windows",Connected
2025-08-05T11:11:21.469Z,worker-mdy9j3xq80rx56t1cmj,160.202.144.166,4,"Chrome on Windows",Connected
2025-08-05T11:11:21.482Z,worker-mdx1c9o6y4xchhb9a2a,123.49.52.54,12,"Firefox on Windows",Connected
2025-08-05T11:11:21.672Z,worker-mdybswun9j2maja70qj,160.202.144.166,4,"Chrome on Windows",Connected
2025-08-05T11:12:45.667Z,worker-mdybt3uins0trow4d57,160.202.144.166,4,"Chrome on Windows",Connected
2025-08-05T11:12:46.705Z,worker-mdy9j44sy62z02mhc4,160.202.144.166,4,"Chrome on Windows",Connected
2025-08-05T11:12:48.910Z,worker-mdyevawi675hn4t23m3,160.202.144.166,4,"Firefox on Windows",Connected
2025-08-05T11:12:49.191Z,worker-mdye6584g79gqn7p6pn,160.202.144.166,8,"Chrome on Android",Connected
2025-08-05T11:12:49.600Z,worker-mdyevbqqb7oocd9b3z,160.202.144.166,4,"Firefox on Windows",Connected
2025-08-05T11:12:49.669Z,worker-mdybssi77l71651hqfj,160.202.144.166,4,"Chrome on Windows",Connected
2025-08-05T11:12:50.216Z,worker-mdyevg53k0wsa8ldvhg,160.202.144.166,4,"Firefox on Windows",Connected
2025-08-05T11:12:50.225Z,worker-mdy9j4vd01vbjtkqhf0c,160.202.144.166,4,"Chrome on Windows",Connected
2025-08-05T11:12:50.735Z,worker-mdx0a5jnb7zf9bage4o,202.40.184.247,12,"Chrome on Windows",Connected
2025-08-05T11:12:50.769Z,worker-mdyested4bbyqw9ggpw,160.202.144.166,4,"Chrome on Android",Connected
2025-08-05T11:12:51.263Z,worker-mdy9j3xq80rx56t1cmj,160.202.144.166,4,"Chrome on Windows",Connected
2025-08-05T11:12:51.490Z,worker-mdyeu7duvwu8kt1u5ua,160.202.144.166,8,"Firefox on Windows",Connected
2025-08-05T11:12:51.678Z,worker-mdybswun9j2maja70qj,160.202.144.166,4,"Chrome on Windows",Connected
2025-08-05T11:12:58.407Z,worker-mdx1cs5di06uwakm1ko,160.202.144.166,8,"Firefox on Windows",Connected
2025-08-05T11:12:59.034Z,worker-mdx1cunsvey9o6l7y1,160.202.144.166,8,"Firefox on Windows",Connected
2025-08-05T11:12:59.670Z,worker-mdx1crp2vm6d0l4qc99,160.202.144.166,8,"Firefox on Windows",Connected
2025-08-05T11:13:00.270Z,worker-mdx1cw18y71uqtpye1a,160.202.144.166,8,"Firefox on Windows",Connected
2025-08-05T11:13:00.895Z,worker-mdx1ctl83d1be40n8z9,160.202.144.166,8,"Firefox on Windows",Connected
2025-08-05T11:13:05.627Z,worker-mdx1ch51dq4eiwksxra,202.40.184.247,12,"Firefox on Windows",Connected
2025-08-05T11:13:06.187Z,worker-mdx1cb18bhmyr117iut,202.40.184.247,12,"Firefox on Windows",Connected
2025-08-05T11:13:06.744Z,worker-mdx1c9o6y4xchhb9a2a,202.40.184.247,12,"Firefox on Windows",Connected
2025-08-05T11:13:07.315Z,worker-mdx1cfr1hv8jwsw7aa,202.40.184.247,12,"Firefox on Windows",Connected
2025-08-05T11:13:07.869Z,worker-mdx1cdbbvxgql6o792h,202.40.184.247,12,"Firefox on Windows",Connected
2025-08-05T11:13:08.439Z,worker-mdx1cc4g1gzzpbn213y,202.40.184.247,12,"Firefox on Windows",Connected
2025-08-05T11:13:08.998Z,worker-mdx1cei64a0drj6vxb3,202.40.184.247,12,"Firefox on Windows",Connected
2025-08-05T11:13:36.661Z,worker-mdyfy35d4a85vvcmpix,160.202.144.166,4,"Chrome on Android",Connected
2025-08-05T11:13:44.858Z,worker-mdyesop81r7nt3x3vdl,160.202.144.166,4,"Chrome on Android",Connected
2025-08-05T11:14:44.110Z,worker-mdyfzjkiqqeibal99d,160.202.144.166,8,"Chrome on Android",Connected
2025-08-05T11:15:07.850Z,worker-mdyg024ijk90cw8bn4s,160.202.144.166,8,"Chrome on Android",Connected
2025-08-05T11:15:31.444Z,worker-mdyg0ijsue6vk4ef44o,160.202.144.166,8,"Chrome on Android",Connected
2025-08-05T11:15:39.995Z,worker-mdye75yf5f9g26gd8o4,160.202.144.166,8,"Chrome on Android",Connected
2025-08-05T11:15:58.691Z,worker-mdyf6lk8sxb8nci3pp,160.202.144.166,8,"Chrome on Android",Connected
2025-08-05T11:16:10.608Z,worker-mdx1cei64a0drj6vxb3,202.40.184.247,12,"Firefox on Windows",Disconnected
2025-08-05T11:16:12.173Z,worker-mdx1c9o6y4xchhb9a2a,202.40.184.247,12,"Firefox on Windows",Disconnected
2025-08-05T11:16:12.329Z,worker-mdyg1eimuygli5b6po,202.40.184.247,12,"Firefox on Windows",Connected
2025-08-05T11:16:12.986Z,worker-mdyg1f0zmeyjnt0gei,202.40.184.247,12,"Firefox on Windows",Connected
2025-08-05T11:16:14.209Z,worker-mdx1cb18bhmyr117iut,202.40.184.247,12,"Firefox on Windows",Disconnected
2025-08-05T11:16:15.029Z,worker-mdyg1glrekorrouwb2p,202.40.184.247,12,"Firefox on Windows",Connected
2025-08-05T11:16:16.293Z,worker-mdx1cc4g1gzzpbn213y,202.40.184.247,12,"Firefox on Windows",Disconnected
2025-08-05T11:16:17.116Z,worker-mdyg1i7lctd7dixnpov,202.40.184.247,12,"Firefox on Windows",Connected
2025-08-05T11:16:18.119Z,worker-mdx1cdbbvxgql6o792h,202.40.184.247,12,"Firefox on Windows",Disconnected
2025-08-05T11:16:18.932Z,worker-mdyg1jm5hj37iat0x6j,202.40.184.247,12,"Firefox on Windows",Connected
2025-08-05T11:16:20.123Z,worker-mdyg1eimuygli5b6po,202.40.184.247,12,"Firefox on Windows",Disconnected
2025-08-05T11:16:20.935Z,worker-mdyg1l5sh6qcaxv571,202.40.184.247,12,"Firefox on Windows",Connected
2025-08-05T11:16:24.703Z,worker-mdx0a5jnb7zf9bage4o,202.40.184.247,12,"Chrome on Windows",Disconnected
2025-08-05T11:16:25.573Z,worker-mdyg1oqlt3xov0apns,202.40.184.247,12,"Chrome on Windows",Connected
2025-08-05T11:16:39.970Z,worker-mdyevawi675hn4t23m3,160.202.144.166,4,"Firefox on Windows",Disconnected
2025-08-05T11:16:42.110Z,worker-mdyevbqqb7oocd9b3z,160.202.144.166,4,"Firefox on Windows",Disconnected
2025-08-05T11:16:42.366Z,worker-mdyg23qmpimwmgm3sof,160.202.144.166,4,"Firefox on Windows",Connected
2025-08-05T11:16:43.569Z,worker-mdyevg53k0wsa8ldvhg,160.202.144.166,4,"Firefox on Windows",Disconnected
2025-08-05T11:16:44.030Z,worker-mdyg24wuqyas9hrpq0i,160.202.144.166,4,"Firefox on Windows",Connected
2025-08-05T11:16:45.056Z,worker-mdyg26393p7830q99kd,160.202.144.166,4,"Firefox on Windows",Connected
2025-08-05T11:16:49.006Z,worker-mdx1cunsvey9o6l7y1,160.202.144.166,8,"Firefox on Windows",Disconnected
2025-08-05T11:16:50.560Z,worker-mdyg29csmohq6skqlzb,160.202.144.166,8,"Firefox on Windows",Connected
2025-08-05T11:16:50.586Z,worker-mdx1crp2vm6d0l4qc99,160.202.144.166,8,"Firefox on Windows",Disconnected
2025-08-05T11:16:51.443Z,worker-mdyg2a1t7ttyg7o4anl,160.202.144.166,8,"Firefox on Windows",Connected
2025-08-05T11:16:52.212Z,worker-mdx1cs5di06uwakm1ko,160.202.144.166,8,"Firefox on Windows",Disconnected
2025-08-05T11:16:53.074Z,worker-mdyg2bbf6bsqh56pu47,160.202.144.166,8,"Firefox on Windows",Connected
2025-08-05T11:16:53.887Z,worker-mdx1ctl83d1be40n8z9,160.202.144.166,8,"Firefox on Windows",Disconnected
2025-08-05T11:16:54.756Z,worker-mdyg2clhuhz1mpze229,160.202.144.166,8,"Firefox on Windows",Connected
2025-08-05T11:17:00.564Z,worker-mdy9j44sy62z02mhc4,160.202.144.166,4,"Chrome on Windows",Disconnected
2025-08-05T11:17:01.693Z,worker-mdyg2hzkzgow1zkwa4,160.202.144.166,4,"Chrome on Windows",Connected
2025-08-05T11:17:01.924Z,worker-mdy9j3xq80rx56t1cmj,160.202.144.166,4,"Chrome on Windows",Disconnected
2025-08-05T11:17:03.009Z,worker-mdyg2j1qpu2y7da7qpg,160.202.144.166,4,"Chrome on Windows",Connected
2025-08-05T11:17:03.870Z,worker-mdy9j4vd01vbjtkqhf0c,160.202.144.166,4,"Chrome on Windows",Disconnected
2025-08-05T11:17:04.820Z,worker-mdyg2kh5ptst9bgfb8,160.202.144.166,4,"Chrome on Windows",Connected
2025-08-05T11:17:15.190Z,worker-mdye6584g79gqn7p6pn,160.202.144.166,8,"Chrome on Android",Disconnected
2025-08-05T11:17:40.501Z,worker-mdyg23qmpimwmgm3sof,160.202.144.166,4,"Firefox on Windows",Disconnected
2025-08-05T11:17:40.562Z,worker-mdyg26393p7830q99kd,160.202.144.166,4,"Firefox on Windows",Disconnected
2025-08-05T11:17:44.132Z,worker-mdyg24wuqyas9hrpq0i,160.202.144.166,4,"Firefox on Windows",Disconnected
2025-08-05T11:17:47.572Z,worker-mdyg36uzukc5jzwz47j,160.202.144.166,4,"Firefox on Windows",Connected
2025-08-05T11:17:58.220Z,worker-mdyg38e8arfbyk72rpl,160.202.144.166,4,"Firefox on Windows",Connected
2025-08-05T11:18:08.243Z,worker-mdyg3a5awsyc4d1ebln,160.202.144.166,4,"Firefox on Windows",Connected
2025-08-05T11:19:29.779Z,worker-mdye6584g79gqn7p6pn,160.202.144.166,8,"Chrome on Android",Connected
2025-08-05T11:24:05.928Z,worker-mdye6584g79gqn7p6pn,160.202.144.166,8,"Chrome on Android",Disconnected
2025-08-05T11:26:22.706Z,worker-mdyg38e8arfbyk72rpl,160.202.144.166,4,"Firefox on Windows",Disconnected
2025-08-05T11:26:25.327Z,worker-mdyg3a5awsyc4d1ebln,160.202.144.166,4,"Firefox on Windows",Disconnected
2025-08-05T11:26:27.972Z,worker-mdyg36uzukc5jzwz47j,160.202.144.166,4,"Firefox on Windows",Disconnected
2025-08-05T11:26:30.203Z,worker-mdygeh8bnpzpqopp5l,160.202.144.166,4,"Firefox on Windows",Connected
2025-08-05T11:26:37.722Z,worker-mdygei7056cj80g0jrc,160.202.144.166,4,"Firefox on Windows",Connected
2025-08-05T11:26:45.458Z,worker-mdygejefvi5awx6gc0c,160.202.144.166,4,"Firefox on Windows",Connected
2025-08-05T11:26:48.102Z,worker-mdygejefvi5awx6gc0c,160.202.144.166,4,"Firefox on Windows",Disconnected
2025-08-05T11:26:55.789Z,worker-mdygeh8bnpzpqopp5l,160.202.144.166,4,"Firefox on Windows",Disconnected
2025-08-05T11:26:55.850Z,worker-mdygei7056cj80g0jrc,160.202.144.166,4,"Firefox on Windows",Disconnected
2025-08-05T11:27:10.520Z,worker-mdygfaxzqmsp0gd7tde,160.202.144.166,4,"Chrome on Windows",Connected
2025-08-05T11:28:23.451Z,worker-mdyggvm12nu1i1gd39x,160.202.144.166,4,"Chrome on Windows",Connected
2025-08-05T11:28:30.812Z,worker-mdyggzl38lab4wdmwzo,160.202.144.166,4,"Chrome on Windows",Connected
2025-08-05T11:30:07.771Z,worker-mdyf6lk8sxb8nci3pp,160.202.144.166,8,"Chrome on Android",Disconnected
2025-08-05T11:30:18.827Z,worker-mdygjcsi01f0wo4yd4i7,160.202.144.166,8,"Chrome on Android",Connected
2025-08-05T11:30:37.187Z,worker-mdyeu7duvwu8kt1u5ua,160.202.144.166,8,"Firefox on Windows",Connected
2025-08-05T11:30:37.248Z,worker-mdyg29csmohq6skqlzb,160.202.144.166,8,"Firefox on Windows",Connected
2025-08-05T11:30:37.452Z,worker-mdybssi77l71651hqfj,160.202.144.166,4,"Chrome on Windows",Connected
2025-08-05T11:30:37.471Z,worker-mdyg1oqlt3xov0apns,202.40.184.247,12,"Chrome on Windows",Connected
2025-08-05T11:30:37.472Z,worker-mdygfaxzqmsp0gd7tde,160.202.144.166,4,"Chrome on Windows",Connected
2025-08-05T11:30:37.477Z,worker-mdyg1l5sh6qcaxv571,202.40.184.247,12,"Firefox on Windows",Connected
2025-08-05T11:30:37.698Z,worker-mdyg2kh5ptst9bgfb8,160.202.144.166,4,"Chrome on Windows",Connected
2025-08-05T11:30:37.848Z,worker-mdye75yf5f9g26gd8o4,160.202.144.166,8,"Chrome on Android",Connected
2025-08-05T11:30:37.875Z,worker-mdyg2a1t7ttyg7o4anl,160.202.144.166,8,"Firefox on Windows",Connected
2025-08-05T11:30:38.030Z,worker-mdybt3uins0trow4d57,160.202.144.166,4,"Chrome on Windows",Connected
2025-08-05T11:30:38.046Z,worker-mdyg1glrekorrouwb2p,202.40.184.247,12,"Firefox on Windows",Connected
2025-08-05T11:30:38.244Z,worker-mdyggzl38lab4wdmwzo,160.202.144.166,4,"Chrome on Windows",Connected
2025-08-05T11:30:38.295Z,worker-mdyg024ijk90cw8bn4s,160.202.144.166,8,"Chrome on Android",Connected
2025-08-05T11:30:38.466Z,worker-mdyg2clhuhz1mpze229,160.202.144.166,8,"Firefox on Windows",Connected
2025-08-05T11:30:38.480Z,worker-mdyg2j1qpu2y7da7qpg,160.202.144.166,4,"Chrome on Windows",Connected
2025-08-05T11:30:38.602Z,worker-mdyg1i7lctd7dixnpov,202.40.184.247,12,"Firefox on Windows",Connected
2025-08-05T11:30:38.679Z,worker-mdygjcsi01f0wo4yd4i7,160.202.144.166,8,"Chrome on Android",Connected
2025-08-05T11:30:38.686Z,worker-mdybswun9j2maja70qj,160.202.144.166,4,"Chrome on Windows",Connected
2025-08-05T11:30:38.881Z,worker-mdyg0ijsue6vk4ef44o,160.202.144.166,8,"Chrome on Android",Connected
2025-08-05T11:30:38.902Z,worker-mdyggvm12nu1i1gd39x,160.202.144.166,4,"Chrome on Windows",Connected
2025-08-05T11:30:39.019Z,worker-mdyesop81r7nt3x3vdl,160.202.144.166,4,"Chrome on Android",Connected
2025-08-05T11:30:39.064Z,worker-mdx1cw18y71uqtpye1a,160.202.144.166,8,"Firefox on Windows",Connected
2025-08-05T11:30:39.112Z,worker-mdyg2hzkzgow1zkwa4,160.202.144.166,4,"Chrome on Windows",Connected
2025-08-05T11:30:39.172Z,worker-mdyg1jm5hj37iat0x6j,202.40.184.247,12,"Firefox on Windows",Connected
2025-08-05T11:30:39.700Z,worker-mdyg2bbf6bsqh56pu47,160.202.144.166,8,"Firefox on Windows",Connected
2025-08-05T11:30:39.728Z,worker-mdx1cfr1hv8jwsw7aa,202.40.184.247,12,"Firefox on Windows",Connected
2025-08-05T11:30:40.287Z,worker-mdx1ch51dq4eiwksxra,202.40.184.247,12,"Firefox on Windows",Connected
2025-08-05T11:30:40.844Z,worker-mdyg1f0zmeyjnt0gei,202.40.184.247,12,"Firefox on Windows",Connected
2025-08-05T11:32:31.622Z,worker-mdyg024ijk90cw8bn4s,160.202.144.166,8,"Chrome on Android",Disconnected
2025-08-05T11:33:58.981Z,worker-mdyg024ijk90cw8bn4s,160.202.144.166,8,"Chrome on Android",Connected
2025-08-05T11:37:01.623Z,worker-mdyg024ijk90cw8bn4s,160.202.144.166,8,"Chrome on Android",Disconnected
2025-08-05T11:39:31.491Z,worker-mdyeu7duvwu8kt1u5ua,160.202.144.166,8,"Firefox on Windows",Connected
2025-08-05T11:39:31.536Z,worker-mdyg2clhuhz1mpze229,160.202.144.166,8,"Firefox on Windows",Connected
2025-08-05T11:39:31.743Z,worker-mdygvf7f26sjzgqxs4b,160.202.144.166,4,"Chrome on Android",Connected
2025-08-05T11:39:31.791Z,worker-mdyg1oqlt3xov0apns,123.49.52.54,12,"Chrome on Windows",Connected
2025-08-05T11:39:31.795Z,worker-mdyg1i7lctd7dixnpov,123.49.52.54,12,"Firefox on Windows",Connected
2025-08-05T11:39:32.124Z,worker-mdyg2kh5ptst9bgfb8,160.202.144.166,4,"Chrome on Windows",Connected
2025-08-05T11:39:32.145Z,worker-mdyg2bbf6bsqh56pu47,160.202.144.166,8,"Firefox on Windows",Connected
2025-08-05T11:39:32.328Z,worker-mdyg1l5sh6qcaxv571,123.49.52.54,12,"Firefox on Windows",Connected
2025-08-05T11:39:32.604Z,worker-mdybssi77l71651hqfj,160.202.144.166,4,"Chrome on Windows",Connected
2025-08-05T11:39:32.611Z,worker-mdyg0ijsue6vk4ef44o,160.202.144.166,8,"Chrome on Android",Connected
2025-08-05T11:39:32.743Z,worker-mdyg2hzkzgow1zkwa4,160.202.144.166,4,"Chrome on Windows",Connected
2025-08-05T11:39:32.782Z,worker-mdx1cw18y71uqtpye1a,160.202.144.166,8,"Firefox on Windows",Connected
2025-08-05T11:39:32.862Z,worker-mdyg1jm5hj37iat0x6j,123.49.52.54,12,"Firefox on Windows",Connected
2025-08-05T11:39:33.313Z,worker-mdybswun9j2maja70qj,160.202.144.166,4,"Chrome on Windows",Connected
2025-08-05T11:39:33.335Z,worker-mdygfaxzqmsp0gd7tde,160.202.144.166,4,"Chrome on Windows",Connected
2025-08-05T11:39:33.391Z,worker-mdx1cfr1hv8jwsw7aa,123.49.52.54,12,"Firefox on Windows",Connected
2025-08-05T11:39:33.391Z,worker-mdyg29csmohq6skqlzb,160.202.144.166,8,"Firefox on Windows",Connected
2025-08-05T11:39:33.536Z,worker-mdyg2j1qpu2y7da7qpg,160.202.144.166,4,"Chrome on Windows",Connected
2025-08-05T11:39:33.922Z,worker-mdx1ch51dq4eiwksxra,123.49.52.54,12,"Firefox on Windows",Connected
2025-08-05T11:39:33.992Z,worker-mdyg2a1t7ttyg7o4anl,160.202.144.166,8,"Firefox on Windows",Connected
2025-08-05T11:39:34.181Z,worker-mdybt3uins0trow4d57,160.202.144.166,4,"Chrome on Windows",Connected
2025-08-05T11:39:34.450Z,worker-mdyg1glrekorrouwb2p,123.49.52.54,12,"Firefox on Windows",Connected
2025-08-05T11:39:34.987Z,worker-mdyg1f0zmeyjnt0gei,123.49.52.54,12,"Firefox on Windows",Connected
2025-08-05T11:39:35.016Z,worker-mdyggzl38lab4wdmwzo,160.202.144.166,4,"Chrome on Windows",Connected
2025-08-05T11:39:37.150Z,worker-mdyggvm12nu1i1gd39x,160.202.144.166,4,"Chrome on Windows",Connected
2025-08-05T11:39:43.559Z,worker-mdygjcsi01f0wo4yd4i7,160.202.144.166,8,"Chrome on Android",Connected
2025-08-05T11:39:57.550Z,worker-mdyg1oqlt3xov0apns,123.49.52.54,12,"Chrome on Windows",Connected
2025-08-05T11:39:57.552Z,worker-mdyg1f0zmeyjnt0gei,123.49.52.54,12,"Firefox on Windows",Connected
2025-08-05T11:39:57.583Z,worker-mdyeu7duvwu8kt1u5ua,160.202.144.166,8,"Firefox on Windows",Connected
2025-08-05T11:39:57.623Z,worker-mdyg2a1t7ttyg7o4anl,160.202.144.166,8,"Firefox on Windows",Connected
2025-08-05T11:39:57.688Z,worker-mdygvf7f26sjzgqxs4b,160.202.144.166,4,"Chrome on Android",Connected
2025-08-05T11:39:57.710Z,worker-mdybssi77l71651hqfj,160.202.144.166,4,"Chrome on Windows",Connected
2025-08-05T11:39:58.084Z,worker-mdyg1i7lctd7dixnpov,123.49.52.54,12,"Firefox on Windows",Connected
2025-08-05T11:39:58.128Z,worker-mdyg2kh5ptst9bgfb8,160.202.144.166,4,"Chrome on Windows",Connected
2025-08-05T11:39:58.221Z,worker-mdyg2clhuhz1mpze229,160.202.144.166,8,"Firefox on Windows",Connected
2025-08-05T11:39:58.257Z,worker-mdye75yf5f9g26gd8o4,160.202.144.166,8,"Chrome on Android",Connected
2025-08-05T11:39:58.625Z,worker-mdyg1jm5hj37iat0x6j,123.49.52.54,12,"Firefox on Windows",Connected
2025-08-05T11:39:58.835Z,worker-mdyg29csmohq6skqlzb,160.202.144.166,8,"Firefox on Windows",Connected
2025-08-05T11:39:59.159Z,worker-mdx1cfr1hv8jwsw7aa,123.49.52.54,12,"Firefox on Windows",Connected
2025-08-05T11:39:59.329Z,worker-mdybt3uins0trow4d57,160.202.144.166,4,"Chrome on Windows",Connected
2025-08-05T11:39:59.443Z,worker-mdyg2bbf6bsqh56pu47,160.202.144.166,8,"Firefox on Windows",Connected
2025-08-05T11:39:59.688Z,worker-mdyg1glrekorrouwb2p,123.49.52.54,12,"Firefox on Windows",Connected
2025-08-05T11:40:00.081Z,worker-mdx1cw18y71uqtpye1a,160.202.144.166,8,"Firefox on Windows",Connected
2025-08-05T11:40:00.222Z,worker-mdx1ch51dq4eiwksxra,123.49.52.54,12,"Firefox on Windows",Connected
2025-08-05T11:40:00.364Z,worker-mdygfaxzqmsp0gd7tde,160.202.144.166,4,"Chrome on Windows",Connected
2025-08-05T11:40:00.581Z,worker-mdybswun9j2maja70qj,160.202.144.166,4,"Chrome on Windows",Connected
2025-08-05T11:40:00.752Z,worker-mdyg1l5sh6qcaxv571,123.49.52.54,12,"Firefox on Windows",Connected
2025-08-05T11:40:02.019Z,worker-mdyg2j1qpu2y7da7qpg,160.202.144.166,4,"Chrome on Windows",Connected
2025-08-05T11:40:02.430Z,worker-mdyg0ijsue6vk4ef44o,160.202.144.166,8,"Chrome on Android",Connected
2025-08-05T11:40:02.451Z,worker-mdyggvm12nu1i1gd39x,160.202.144.166,4,"Chrome on Windows",Connected
2025-08-05T11:40:03.037Z,worker-mdyggzl38lab4wdmwzo,160.202.144.166,4,"Chrome on Windows",Connected
2025-08-05T11:40:03.145Z,worker-mdyg2hzkzgow1zkwa4,160.202.144.166,4,"Chrome on Windows",Connected
2025-08-05T11:40:22.924Z,worker-mdyg2hzkzgow1zkwa4,160.202.144.166,4,"Chrome on Windows",Disconnected
2025-08-05T11:40:22.926Z,worker-mdye75yf5f9g26gd8o4,160.202.144.166,8,"Chrome on Android",Disconnected
2025-08-05T11:40:22.926Z,worker-mdyg1oqlt3xov0apns,123.49.52.54,12,"Chrome on Windows",Disconnected
2025-08-05T11:40:22.926Z,worker-mdyg1f0zmeyjnt0gei,123.49.52.54,12,"Firefox on Windows",Disconnected
2025-08-05T11:40:22.926Z,worker-mdyeu7duvwu8kt1u5ua,160.202.144.166,8,"Firefox on Windows",Disconnected
2025-08-05T11:40:22.926Z,worker-mdyg2a1t7ttyg7o4anl,160.202.144.166,8,"Firefox on Windows",Disconnected
2025-08-05T11:40:22.926Z,worker-mdygvf7f26sjzgqxs4b,160.202.144.166,4,"Chrome on Android",Disconnected
2025-08-05T11:40:22.926Z,worker-mdybssi77l71651hqfj,160.202.144.166,4,"Chrome on Windows",Disconnected
2025-08-05T11:40:22.927Z,worker-mdyg2kh5ptst9bgfb8,160.202.144.166,4,"Chrome on Windows",Disconnected
2025-08-05T11:40:22.927Z,worker-mdyg1i7lctd7dixnpov,123.49.52.54,12,"Firefox on Windows",Disconnected
2025-08-05T11:40:22.927Z,worker-mdyg2clhuhz1mpze229,160.202.144.166,8,"Firefox on Windows",Disconnected
2025-08-05T11:40:22.927Z,worker-mdybt3uins0trow4d57,160.202.144.166,4,"Chrome on Windows",Disconnected
2025-08-05T11:40:22.927Z,worker-mdyg1jm5hj37iat0x6j,123.49.52.54,12,"Firefox on Windows",Disconnected
2025-08-05T11:40:22.927Z,worker-mdyg29csmohq6skqlzb,160.202.144.166,8,"Firefox on Windows",Disconnected
2025-08-05T11:40:22.927Z,worker-mdx1cfr1hv8jwsw7aa,123.49.52.54,12,"Firefox on Windows",Disconnected
2025-08-05T11:40:22.927Z,worker-mdyg2bbf6bsqh56pu47,160.202.144.166,8,"Firefox on Windows",Disconnected
2025-08-05T11:40:22.927Z,worker-mdyg1glrekorrouwb2p,123.49.52.54,12,"Firefox on Windows",Disconnected
2025-08-05T11:40:22.927Z,worker-mdygfaxzqmsp0gd7tde,160.202.144.166,4,"Chrome on Windows",Disconnected
2025-08-05T11:40:22.927Z,worker-mdx1cw18y71uqtpye1a,160.202.144.166,8,"Firefox on Windows",Disconnected
2025-08-05T11:40:22.927Z,worker-mdx1ch51dq4eiwksxra,123.49.52.54,12,"Firefox on Windows",Disconnected
2025-08-05T11:40:22.927Z,worker-mdybswun9j2maja70qj,160.202.144.166,4,"Chrome on Windows",Disconnected
2025-08-05T11:40:22.927Z,worker-mdyg0ijsue6vk4ef44o,160.202.144.166,8,"Chrome on Android",Disconnected
2025-08-05T11:40:22.927Z,worker-mdyg1l5sh6qcaxv571,123.49.52.54,12,"Firefox on Windows",Disconnected
2025-08-05T11:40:22.927Z,worker-mdyg2j1qpu2y7da7qpg,160.202.144.166,4,"Chrome on Windows",Disconnected
2025-08-05T11:40:22.927Z,worker-mdyggvm12nu1i1gd39x,160.202.144.166,4,"Chrome on Windows",Disconnected
2025-08-05T11:40:22.927Z,worker-mdyggzl38lab4wdmwzo,160.202.144.166,4,"Chrome on Windows",Disconnected
2025-08-05T11:40:27.273Z,worker-mdygwgexaa9lasxx7nu,160.202.144.166,8,"Chrome on Android",Connected
2025-08-05T11:40:28.637Z,worker-mdyg1oqlt3xov0apns,123.49.52.54,12,"Chrome on Windows",Connected
2025-08-05T11:40:28.639Z,worker-mdyg1i7lctd7dixnpov,123.49.52.54,12,"Firefox on Windows",Connected
2025-08-05T11:40:28.711Z,worker-mdyg29csmohq6skqlzb,160.202.144.166,8,"Firefox on Windows",Connected
2025-08-05T11:40:28.720Z,worker-mdyeu7duvwu8kt1u5ua,160.202.144.166,8,"Firefox on Windows",Connected
2025-08-05T11:40:28.807Z,worker-mdybssi77l71651hqfj,160.202.144.166,4,"Chrome on Windows",Connected
2025-08-05T11:40:28.942Z,worker-mdyg2kh5ptst9bgfb8,160.202.144.166,4,"Chrome on Windows",Connected
2025-08-05T11:40:29.170Z,worker-mdyg1jm5hj37iat0x6j,123.49.52.54,12,"Firefox on Windows",Connected
2025-08-05T11:40:29.241Z,worker-mdyg0ijsue6vk4ef44o,160.202.144.166,8,"Chrome on Android",Connected
2025-08-05T11:40:29.259Z,worker-mdye75yf5f9g26gd8o4,160.202.144.166,8,"Chrome on Android",Connected
2025-08-05T11:40:29.309Z,worker-mdyg2clhuhz1mpze229,160.202.144.166,8,"Firefox on Windows",Connected
2025-08-05T11:40:29.696Z,worker-mdyg1l5sh6qcaxv571,123.49.52.54,12,"Firefox on Windows",Connected
2025-08-05T11:40:29.801Z,worker-mdygvf7f26sjzgqxs4b,160.202.144.166,4,"Chrome on Android",Connected
2025-08-05T11:40:29.901Z,worker-mdyg2a1t7ttyg7o4anl,160.202.144.166,8,"Firefox on Windows",Connected
2025-08-05T11:40:29.966Z,worker-mdyg2j1qpu2y7da7qpg,160.202.144.166,4,"Chrome on Windows",Connected
2025-08-05T11:40:30.228Z,worker-mdx1ch51dq4eiwksxra,123.49.52.54,12,"Firefox on Windows",Connected
2025-08-05T11:40:30.514Z,worker-mdyg2bbf6bsqh56pu47,160.202.144.166,8,"Firefox on Windows",Connected
2025-08-05T11:40:30.713Z,worker-mdybswun9j2maja70qj,160.202.144.166,4,"Chrome on Windows",Connected
2025-08-05T11:40:30.761Z,worker-mdx1cfr1hv8jwsw7aa,123.49.52.54,12,"Firefox on Windows",Connected
2025-08-05T11:40:30.924Z,worker-mdygfaxzqmsp0gd7tde,160.202.144.166,4,"Chrome on Windows",Connected
2025-08-05T11:40:31.143Z,worker-mdyg2hzkzgow1zkwa4,160.202.144.166,4,"Chrome on Windows",Connected
2025-08-05T11:40:31.143Z,worker-mdx1cw18y71uqtpye1a,160.202.144.166,8,"Firefox on Windows",Connected
2025-08-05T11:40:31.290Z,worker-mdyg1glrekorrouwb2p,123.49.52.54,12,"Firefox on Windows",Connected
2025-08-05T11:40:31.303Z,worker-mdybt3uins0trow4d57,160.202.144.166,4,"Chrome on Windows",Connected
2025-08-05T11:40:31.534Z,worker-mdyggvm12nu1i1gd39x,160.202.144.166,4,"Chrome on Windows",Connected
2025-08-05T11:40:31.824Z,worker-mdyg1f0zmeyjnt0gei,123.49.52.54,12,"Firefox on Windows",Connected
2025-08-05T11:40:32.741Z,worker-mdyggzl38lab4wdmwzo,160.202.144.166,4,"Chrome on Windows",Connected
2025-08-05T11:40:52.341Z,worker-mdygx836equg5wfkxaf,160.202.144.166,8,"Chrome on Android",Connected
2025-08-05T11:41:56.601Z,worker-mdygfaxzqmsp0gd7tde,160.202.144.166,4,"Chrome on Windows",Connected
2025-08-05T11:41:56.602Z,worker-mdyg2hzkzgow1zkwa4,160.202.144.166,4,"Chrome on Windows",Connected
2025-08-05T11:41:56.604Z,worker-mdyg0ijsue6vk4ef44o,160.202.144.166,8,"Chrome on Android",Connected
2025-08-05T11:41:56.821Z,worker-mdybswun9j2maja70qj,160.202.144.166,4,"Chrome on Windows",Connected
2025-08-05T11:41:57.246Z,worker-mdygx836equg5wfkxaf,160.202.144.166,8,"Chrome on Android",Connected
2025-08-05T11:41:57.331Z,worker-mdyggzl38lab4wdmwzo,160.202.144.166,4,"Chrome on Windows",Connected
2025-08-05T11:41:57.414Z,worker-mdyg2j1qpu2y7da7qpg,160.202.144.166,4,"Chrome on Windows",Connected
2025-08-05T11:41:57.611Z,worker-mdybt3uins0trow4d57,160.202.144.166,4,"Chrome on Windows",Connected
2025-08-05T11:41:57.900Z,worker-mdye75yf5f9g26gd8o4,160.202.144.166,8,"Chrome on Android",Connected
2025-08-05T11:41:59.688Z,worker-mdygvf7f26sjzgqxs4b,160.202.144.166,4,"Chrome on Android",Connected
2025-08-05T11:42:00.248Z,worker-mdyggvm12nu1i1gd39x,160.202.144.166,4,"Chrome on Windows",Connected
2025-08-05T11:42:00.696Z,worker-mdyeu7duvwu8kt1u5ua,160.202.144.166,8,"Firefox on Windows",Connected
2025-08-05T11:42:00.791Z,worker-mdyg2kh5ptst9bgfb8,160.202.144.166,4,"Chrome on Windows",Connected
2025-08-05T11:42:01.011Z,worker-mdyg1oqlt3xov0apns,123.49.52.54,12,"Chrome on Windows",Connected
2025-08-05T11:42:01.207Z,worker-mdygwgexaa9lasxx7nu,160.202.144.166,8,"Chrome on Android",Connected
2025-08-05T11:42:01.305Z,worker-mdybssi77l71651hqfj,160.202.144.166,4,"Chrome on Windows",Connected
2025-08-05T11:42:02.170Z,worker-mdyg2a1t7ttyg7o4anl,160.202.144.166,8,"Firefox on Windows",Connected
2025-08-05T11:42:02.470Z,worker-mdyg1f0zmeyjnt0gei,123.49.52.54,12,"Firefox on Windows",Connected
2025-08-05T11:42:02.746Z,worker-mdyg2clhuhz1mpze229,160.202.144.166,8,"Firefox on Windows",Connected
2025-08-05T11:42:02.998Z,worker-mdx1ch51dq4eiwksxra,123.49.52.54,12,"Firefox on Windows",Connected
2025-08-05T11:42:03.358Z,worker-mdyg2bbf6bsqh56pu47,160.202.144.166,8,"Firefox on Windows",Connected
2025-08-05T11:42:03.535Z,worker-mdyg1l5sh6qcaxv571,123.49.52.54,12,"Firefox on Windows",Connected
2025-08-05T11:42:03.941Z,worker-mdx1cw18y71uqtpye1a,160.202.144.166,8,"Firefox on Windows",Connected
2025-08-05T11:42:04.071Z,worker-mdx1cfr1hv8jwsw7aa,123.49.52.54,12,"Firefox on Windows",Connected
2025-08-05T11:42:04.555Z,worker-mdyg29csmohq6skqlzb,160.202.144.166,8,"Firefox on Windows",Connected
2025-08-05T11:42:04.601Z,worker-mdyg1jm5hj37iat0x6j,123.49.52.54,12,"Firefox on Windows",Connected
2025-08-05T11:42:05.133Z,worker-mdyg1i7lctd7dixnpov,123.49.52.54,12,"Firefox on Windows",Connected
2025-08-05T11:42:05.659Z,worker-mdyg1glrekorrouwb2p,123.49.52.54,12,"Firefox on Windows",Connected
2025-08-05T11:42:57.111Z,worker-mdyeu7duvwu8kt1u5ua,160.202.144.166,8,"Firefox on Windows",Disconnected
2025-08-05T11:42:58.621Z,worker-mdygzv7acvp97wq9b9n,160.202.144.166,8,"Firefox on Windows",Connected
2025-08-05T11:43:26.873Z,worker-mdyg1oqlt3xov0apns,123.49.52.54,12,"Chrome on Windows",Connected
2025-08-05T11:43:26.884Z,worker-mdyg1l5sh6qcaxv571,123.49.52.54,12,"Firefox on Windows",Connected
2025-08-05T11:43:26.920Z,worker-mdybssi77l71651hqfj,160.202.144.166,4,"Chrome on Windows",Connected
2025-08-05T11:43:26.942Z,worker-mdyg2clhuhz1mpze229,160.202.144.166,8,"Firefox on Windows",Connected
2025-08-05T11:43:26.961Z,worker-mdygzv7acvp97wq9b9n,160.202.144.166,8,"Firefox on Windows",Connected
2025-08-05T11:43:27.015Z,worker-mdye75yf5f9g26gd8o4,160.202.144.166,8,"Chrome on Android",Connected
2025-08-05T11:43:27.025Z,worker-mdyg2kh5ptst9bgfb8,160.202.144.166,4,"Chrome on Windows",Connected
2025-08-05T11:43:27.026Z,worker-mdygfaxzqmsp0gd7tde,160.202.144.166,4,"Chrome on Windows",Connected
2025-08-05T11:43:27.113Z,worker-mdyg0ijsue6vk4ef44o,160.202.144.166,8,"Chrome on Android",Connected
2025-08-05T11:43:27.298Z,worker-mdygvf7f26sjzgqxs4b,160.202.144.166,4,"Chrome on Android",Connected
2025-08-05T11:43:27.314Z,worker-mdygwgexaa9lasxx7nu,160.202.144.166,8,"Chrome on Android",Connected
2025-08-05T11:43:27.414Z,worker-mdx1cfr1hv8jwsw7aa,123.49.52.54,12,"Firefox on Windows",Connected
2025-08-05T11:43:27.516Z,worker-mdygx836equg5wfkxaf,160.202.144.166,8,"Chrome on Android",Connected
2025-08-05T11:43:27.593Z,worker-mdx1cw18y71uqtpye1a,160.202.144.166,8,"Firefox on Windows",Connected
2025-08-05T11:43:27.694Z,worker-mdybt3uins0trow4d57,160.202.144.166,4,"Chrome on Windows",Connected
2025-08-05T11:43:27.704Z,worker-mdyggzl38lab4wdmwzo,160.202.144.166,4,"Chrome on Windows",Connected
2025-08-05T11:43:27.733Z,worker-mdyg2j1qpu2y7da7qpg,160.202.144.166,4,"Chrome on Windows",Connected
2025-08-05T11:43:27.944Z,worker-mdyg1i7lctd7dixnpov,123.49.52.54,12,"Firefox on Windows",Connected
2025-08-05T11:43:28.226Z,worker-mdyg2bbf6bsqh56pu47,160.202.144.166,8,"Firefox on Windows",Connected
2025-08-05T11:43:28.336Z,worker-mdybswun9j2maja70qj,160.202.144.166,4,"Chrome on Windows",Connected
2025-08-05T11:43:28.351Z,worker-mdyggvm12nu1i1gd39x,160.202.144.166,4,"Chrome on Windows",Connected
2025-08-05T11:43:28.357Z,worker-mdyg2hzkzgow1zkwa4,160.202.144.166,4,"Chrome on Windows",Connected
2025-08-05T11:43:28.474Z,worker-mdyg1jm5hj37iat0x6j,123.49.52.54,12,"Firefox on Windows",Connected
2025-08-05T11:43:28.814Z,worker-mdyg29csmohq6skqlzb,160.202.144.166,8,"Firefox on Windows",Connected
2025-08-05T11:43:29.002Z,worker-mdyg1glrekorrouwb2p,123.49.52.54,12,"Firefox on Windows",Connected
2025-08-05T11:43:29.409Z,worker-mdyg2a1t7ttyg7o4anl,160.202.144.166,8,"Firefox on Windows",Connected
2025-08-05T11:43:29.550Z,worker-mdx1ch51dq4eiwksxra,123.49.52.54,12,"Firefox on Windows",Connected
2025-08-05T11:43:30.083Z,worker-mdyg1f0zmeyjnt0gei,123.49.52.54,12,"Firefox on Windows",Connected
2025-08-05T11:44:38.167Z,worker-mdygzv7acvp97wq9b9n,160.202.144.166,8,"Firefox on Windows",Disconnected
2025-08-05T11:46:28.385Z,worker-mdyfy35d4a85vvcmpix,160.202.144.166,4,"Chrome on Android",Connected
2025-08-05T11:46:29.854Z,worker-mdyested4bbyqw9ggpw,160.202.144.166,4,"Chrome on Android",Connected
2025-08-05T11:47:29.378Z,worker-mdyfzjkiqqeibal99d,160.202.144.166,8,"Chrome on Android",Connected
2025-08-05T11:51:21.599Z,worker-mdyg2hzkzgow1zkwa4,160.202.144.166,4,"Chrome on Windows",Disconnected
2025-08-05T11:51:21.626Z,worker-mdyggvm12nu1i1gd39x,160.202.144.166,4,"Chrome on Windows",Disconnected
2025-08-05T11:51:21.639Z,worker-mdyg2j1qpu2y7da7qpg,160.202.144.166,4,"Chrome on Windows",Disconnected
2025-08-05T11:51:21.652Z,worker-mdyggzl38lab4wdmwzo,160.202.144.166,4,"Chrome on Windows",Disconnected
2025-08-05T11:51:21.665Z,worker-mdygfaxzqmsp0gd7tde,160.202.144.166,4,"Chrome on Windows",Disconnected
2025-08-05T11:51:21.679Z,worker-mdyg2kh5ptst9bgfb8,160.202.144.166,4,"Chrome on Windows",Disconnected
2025-08-05T11:51:27.200Z,worker-mdyggzl38lab4wdmwzo,160.202.144.166,4,"Chrome on Windows",Connected
2025-08-05T11:51:28.212Z,worker-mdyggvm12nu1i1gd39x,160.202.144.166,4,"Chrome on Windows",Connected
2025-08-05T11:51:29.176Z,worker-mdygfaxzqmsp0gd7tde,160.202.144.166,4,"Chrome on Windows",Connected
2025-08-05T11:51:44.268Z,worker-mdyg2j1qpu2y7da7qpg,160.202.144.166,4,"Chrome on Windows",Connected
2025-08-05T11:51:45.954Z,worker-mdyg2hzkzgow1zkwa4,160.202.144.166,4,"Chrome on Windows",Connected
2025-08-05T11:51:47.007Z,worker-mdyg2kh5ptst9bgfb8,160.202.144.166,4,"Chrome on Windows",Connected
2025-08-05T11:58:51.789Z,worker-mdygx836equg5wfkxaf,160.202.144.166,8,"Chrome on Android",Disconnected
2025-08-05T12:02:30.426Z,worker-mdygx836equg5wfkxaf,160.202.144.166,8,"Chrome on Android",Connected
2025-08-05T12:19:52.433Z,worker-mdygvf7f26sjzgqxs4b,160.202.144.166,4,"Chrome on Android",Disconnected
2025-08-05T12:19:56.223Z,worker-mdyibe2funcm28j217,160.202.144.166,4,"Chrome on Android",Connected
2025-08-05T12:20:15.009Z,worker-mdyfy35d4a85vvcmpix,160.202.144.166,4,"Chrome on Android",Disconnected
2025-08-05T12:20:15.030Z,worker-mdyibe2funcm28j217,160.202.144.166,4,"Chrome on Android",Disconnected
2025-08-05T12:20:28.365Z,worker-mdygwgexaa9lasxx7nu,160.202.144.166,8,"Chrome on Android",Disconnected
2025-08-05T12:50:22.386Z,worker-mdye75yf5f9g26gd8o4,160.202.144.166,8,"Chrome on Android",Disconnected
2025-08-05T12:51:27.477Z,worker-mdyested4bbyqw9ggpw,160.202.144.166,4,"Chrome on Android",Disconnected
2025-08-05T12:52:30.618Z,worker-mdyfzjkiqqeibal99d,160.202.144.166,8,"Chrome on Android",Disconnected
2025-08-05T12:55:49.017Z,worker-mdyested4bbyqw9ggpw,202.134.11.226,4,"Chrome on Android",Connected
2025-08-05T12:59:21.155Z,worker-mdyfzjkiqqeibal99d,103.230.106.34,8,"Chrome on Android",Connected
2025-08-05T12:59:38.171Z,worker-mdyested4bbyqw9ggpw,202.134.11.226,4,"Chrome on Android",Disconnected
2025-08-05T13:04:19.136Z,worker-mdyfzjkiqqeibal99d,103.230.106.34,8,"Chrome on Android",Disconnected
2025-08-05T15:01:53.592Z,worker-mdyo3nlf336qr4qmxt9,160.202.144.166,8,"Chrome on Android",Connected
2025-08-05T15:01:53.593Z,worker-mdyo3nlf336qr4qmxt9,160.202.144.166,8,"Chrome on Android",Disconnected
2025-08-05T15:01:58.610Z,worker-mdyo3s99m2xvxgidysr,160.202.144.166,8,"Chrome on Android",Connected
2025-08-05T15:02:42.049Z,worker-mdyo4osm72l6w1lj8d9,160.202.144.166,8,"Chrome on Android",Connected
2025-08-05T15:03:05.958Z,worker-mdyg0ijsue6vk4ef44o,160.202.144.166,8,"Chrome on Android",Disconnected
2025-08-05T15:03:10.855Z,worker-mdyo5a77haywgknzedc,160.202.144.166,8,"Chrome on Android",Connected
2025-08-05T15:03:11.692Z,worker-mdyo3s99m2xvxgidysr,160.202.144.166,8,"Chrome on Android",Disconnected
2025-08-05T15:03:12.553Z,worker-mdyo3pbexh14ij6bp7,160.202.144.166,8,"Chrome on Android",Connected
2025-08-05T15:03:13.077Z,worker-mdyo4osm72l6w1lj8d9,160.202.144.166,8,"Chrome on Android",Disconnected
2025-08-05T15:03:13.533Z,worker-mdyo5dqxq7otgz5rb0s,160.202.144.166,8,"Chrome on Android",Connected
2025-08-05T15:03:16.140Z,worker-mdyo5f3uj3rqdk7uqa,160.202.144.166,8,"Chrome on Android",Connected
2025-08-05T15:05:22.128Z,worker-mdyo3pbexh14ij6bp7,160.202.144.166,8,"Chrome on Android",Disconnected
2025-08-05T15:06:13.186Z,worker-mdyo3pbexh14ij6bp7,160.202.144.166,8,"Chrome on Android",Connected
2025-08-05T15:06:37.137Z,worker-mdyg29csmohq6skqlzb,160.202.144.166,8,"Firefox on Windows",Connected
2025-08-05T15:06:37.473Z,worker-mdyg1jm5hj37iat0x6j,123.49.52.54,12,"Firefox on Windows",Connected
2025-08-05T15:06:37.551Z,worker-mdyg1oqlt3xov0apns,123.49.52.54,12,"Chrome on Windows",Connected
2025-08-05T15:06:37.722Z,worker-mdyg2clhuhz1mpze229,160.202.144.166,8,"Firefox on Windows",Connected
2025-08-05T15:06:37.906Z,worker-mdyg2kh5ptst9bgfb8,160.202.144.166,4,"Chrome on Windows",Connected
2025-08-05T15:06:37.907Z,worker-mdygfaxzqmsp0gd7tde,160.202.144.166,4,"Chrome on Windows",Connected
2025-08-05T15:06:37.912Z,worker-mdyo5a77haywgknzedc,160.202.144.166,8,"Chrome on Android",Connected
2025-08-05T15:06:38.097Z,worker-mdx1cfr1hv8jwsw7aa,123.49.52.54,12,"Firefox on Windows",Connected
2025-08-05T15:06:38.361Z,worker-mdyg2bbf6bsqh56pu47,160.202.144.166,8,"Firefox on Windows",Connected
2025-08-05T15:06:38.470Z,worker-mdyo5f3uj3rqdk7uqa,160.202.144.166,8,"Chrome on Android",Connected
2025-08-05T15:06:38.625Z,worker-mdyg1glrekorrouwb2p,123.49.52.54,12,"Firefox on Windows",Connected
2025-08-05T15:06:38.962Z,worker-mdx1cw18y71uqtpye1a,160.202.144.166,8,"Firefox on Windows",Connected
2025-08-05T15:06:39.162Z,worker-mdyg1f0zmeyjnt0gei,123.49.52.54,12,"Firefox on Windows",Connected
2025-08-05T15:06:39.171Z,worker-mdyo5dqxq7otgz5rb0s,160.202.144.166,8,"Chrome on Android",Connected
2025-08-05T15:06:39.174Z,worker-mdyggzl38lab4wdmwzo,160.202.144.166,4,"Chrome on Windows",Connected
2025-08-05T15:06:39.541Z,worker-mdyg2a1t7ttyg7o4anl,160.202.144.166,8,"Firefox on Windows",Connected
2025-08-05T15:06:39.788Z,worker-mdyg1i7lctd7dixnpov,123.49.52.54,12,"Firefox on Windows",Connected
2025-08-05T15:06:40.110Z,worker-mdyggvm12nu1i1gd39x,160.202.144.166,4,"Chrome on Windows",Connected
2025-08-05T15:06:40.317Z,worker-mdyg1l5sh6qcaxv571,123.49.52.54,12,"Firefox on Windows",Connected
2025-08-05T15:06:40.500Z,worker-mdyo3pbexh14ij6bp7,160.202.144.166,8,"Chrome on Android",Connected
2025-08-05T15:06:40.958Z,worker-mdx1ch51dq4eiwksxra,123.49.52.54,12,"Firefox on Windows",Connected
2025-08-05T15:07:20.515Z,worker-mdyg1l5sh6qcaxv571,123.49.52.54,12,"Firefox on Windows",Connected
2025-08-05T15:07:20.592Z,worker-mdyg29csmohq6skqlzb,160.202.144.166,8,"Firefox on Windows",Connected
2025-08-05T15:07:20.636Z,worker-mdyg1oqlt3xov0apns,123.49.52.54,12,"Chrome on Windows",Connected
2025-08-05T15:07:21.047Z,worker-mdyg1jm5hj37iat0x6j,123.49.52.54,12,"Firefox on Windows",Connected
2025-08-05T15:07:21.257Z,worker-mdyg2bbf6bsqh56pu47,160.202.144.166,8,"Firefox on Windows",Connected
2025-08-05T15:07:21.393Z,worker-mdyg2kh5ptst9bgfb8,160.202.144.166,4,"Chrome on Windows",Connected
2025-08-05T15:07:21.396Z,worker-mdygfaxzqmsp0gd7tde,160.202.144.166,4,"Chrome on Windows",Connected
2025-08-05T15:07:21.425Z,worker-mdyo5f3uj3rqdk7uqa,160.202.144.166,8,"Chrome on Android",Connected
2025-08-05T15:07:21.465Z,worker-mdyo5dqxq7otgz5rb0s,160.202.144.166,8,"Chrome on Android",Connected
2025-08-05T15:07:21.843Z,worker-mdyg1f0zmeyjnt0gei,123.49.52.54,12,"Firefox on Windows",Connected
2025-08-05T15:07:21.934Z,worker-mdyg2clhuhz1mpze229,160.202.144.166,8,"Firefox on Windows",Connected
2025-08-05T15:07:22.507Z,worker-mdyg2a1t7ttyg7o4anl,160.202.144.166,8,"Firefox on Windows",Connected
2025-08-05T15:07:22.797Z,worker-mdx1ch51dq4eiwksxra,123.49.52.54,12,"Firefox on Windows",Connected
2025-08-05T15:07:23.019Z,worker-mdyo5a77haywgknzedc,160.202.144.166,8,"Chrome on Android",Connected
2025-08-05T15:07:23.104Z,worker-mdx1cw18y71uqtpye1a,160.202.144.166,8,"Firefox on Windows",Connected
2025-08-05T15:07:23.488Z,worker-mdyggzl38lab4wdmwzo,160.202.144.166,4,"Chrome on Windows",Connected
2025-08-05T15:07:24.292Z,worker-mdyg1glrekorrouwb2p,123.49.52.54,12,"Firefox on Windows",Connected
2025-08-05T15:07:24.567Z,worker-mdyggvm12nu1i1gd39x,160.202.144.166,4,"Chrome on Windows",Connected
2025-08-05T15:07:24.820Z,worker-mdyg1i7lctd7dixnpov,123.49.52.54,12,"Firefox on Windows",Connected
2025-08-05T15:07:25.447Z,worker-mdx1cfr1hv8jwsw7aa,123.49.52.54,12,"Firefox on Windows",Connected
2025-08-05T15:07:46.661Z,worker-mdyg1oqlt3xov0apns,123.49.52.54,12,"Chrome on Windows",Connected
2025-08-05T15:07:46.664Z,worker-mdyg1l5sh6qcaxv571,123.49.52.54,12,"Firefox on Windows",Connected
2025-08-05T15:07:46.729Z,worker-mdx1cw18y71uqtpye1a,160.202.144.166,8,"Firefox on Windows",Connected
2025-08-05T15:07:46.821Z,worker-mdygfaxzqmsp0gd7tde,160.202.144.166,4,"Chrome on Windows",Connected
2025-08-05T15:07:46.879Z,worker-mdyg2kh5ptst9bgfb8,160.202.144.166,4,"Chrome on Windows",Connected
2025-08-05T15:07:47.036Z,worker-mdyo5f3uj3rqdk7uqa,160.202.144.166,8,"Chrome on Android",Connected
2025-08-05T15:07:47.202Z,worker-mdx1ch51dq4eiwksxra,123.49.52.54,12,"Firefox on Windows",Connected
2025-08-05T15:07:47.264Z,worker-mdyo5dqxq7otgz5rb0s,160.202.144.166,8,"Chrome on Android",Connected
2025-08-05T15:07:47.354Z,worker-mdyg29csmohq6skqlzb,160.202.144.166,8,"Firefox on Windows",Connected
2025-08-05T15:07:47.416Z,worker-mdyo5a77haywgknzedc,160.202.144.166,8,"Chrome on Android",Connected
2025-08-05T15:07:47.541Z,worker-mdyggvm12nu1i1gd39x,160.202.144.166,4,"Chrome on Windows",Connected
2025-08-05T15:07:47.760Z,worker-mdyg1jm5hj37iat0x6j,123.49.52.54,12,"Firefox on Windows",Connected
2025-08-05T15:07:47.928Z,worker-mdyg2a1t7ttyg7o4anl,160.202.144.166,8,"Firefox on Windows",Connected
2025-08-05T15:07:48.290Z,worker-mdyg1i7lctd7dixnpov,123.49.52.54,12,"Firefox on Windows",Connected
2025-08-05T15:07:48.546Z,worker-mdyg2clhuhz1mpze229,160.202.144.166,8,"Firefox on Windows",Connected
2025-08-05T15:07:48.620Z,worker-mdyggzl38lab4wdmwzo,160.202.144.166,4,"Chrome on Windows",Connected
2025-08-05T15:07:48.855Z,worker-mdyg1f0zmeyjnt0gei,123.49.52.54,12,"Firefox on Windows",Connected
2025-08-05T15:07:49.120Z,worker-mdyg2bbf6bsqh56pu47,160.202.144.166,8,"Firefox on Windows",Connected
2025-08-05T15:07:49.384Z,worker-mdyg1glrekorrouwb2p,123.49.52.54,12,"Firefox on Windows",Connected
2025-08-05T15:07:49.955Z,worker-mdx1cfr1hv8jwsw7aa,123.49.52.54,12,"Firefox on Windows",Connected
2025-08-05T15:07:57.864Z,worker-mdyo5dqxq7otgz5rb0s,160.202.144.166,8,"Chrome on Android",Disconnected
2025-08-05T15:07:59.395Z,worker-mdyobi2o5ip5pwjn92,160.202.144.166,8,"Chrome on Android",Connected
2025-08-05T15:08:02.079Z,worker-mdyobi2o5ip5pwjn92,160.202.144.166,8,"Chrome on Android",Disconnected
2025-08-05T15:08:03.085Z,worker-mdyo5f3uj3rqdk7uqa,160.202.144.166,8,"Chrome on Android",Disconnected
2025-08-05T15:08:03.541Z,worker-mdyobl0upqckde4otoe,160.202.144.166,8,"Chrome on Android",Connected
2025-08-05T15:08:04.587Z,worker-mdyobmcmv2dytqw3ad,160.202.144.166,8,"Chrome on Android",Connected
2025-08-05T15:08:10.527Z,worker-mdyg1jm5hj37iat0x6j,123.49.52.54,12,"Firefox on Windows",Disconnected
2025-08-05T15:08:11.987Z,worker-mdyobmcmv2dytqw3ad,160.202.144.166,8,"Chrome on Android",Disconnected
2025-08-05T15:08:11.991Z,worker-mdyobl0upqckde4otoe,160.202.144.166,8,"Chrome on Android",Disconnected
2025-08-05T15:08:11.991Z,worker-mdyg1oqlt3xov0apns,123.49.52.54,12,"Chrome on Windows",Disconnected
2025-08-05T15:08:11.991Z,worker-mdyg1l5sh6qcaxv571,123.49.52.54,12,"Firefox on Windows",Disconnected
2025-08-05T15:08:11.992Z,worker-mdx1cw18y71uqtpye1a,160.202.144.166,8,"Firefox on Windows",Disconnected
2025-08-05T15:08:11.992Z,worker-mdygfaxzqmsp0gd7tde,160.202.144.166,4,"Chrome on Windows",Disconnected
2025-08-05T15:08:11.992Z,worker-mdyg2kh5ptst9bgfb8,160.202.144.166,4,"Chrome on Windows",Disconnected
2025-08-05T15:08:11.992Z,worker-mdx1ch51dq4eiwksxra,123.49.52.54,12,"Firefox on Windows",Disconnected
2025-08-05T15:08:11.992Z,worker-mdyo5a77haywgknzedc,160.202.144.166,8,"Chrome on Android",Disconnected
2025-08-05T15:08:11.992Z,worker-mdyg29csmohq6skqlzb,160.202.144.166,8,"Firefox on Windows",Disconnected
2025-08-05T15:08:11.993Z,worker-mdyggvm12nu1i1gd39x,160.202.144.166,4,"Chrome on Windows",Disconnected
2025-08-05T15:08:11.993Z,worker-mdyg2a1t7ttyg7o4anl,160.202.144.166,8,"Firefox on Windows",Disconnected
2025-08-05T15:08:11.993Z,worker-mdyg1i7lctd7dixnpov,123.49.52.54,12,"Firefox on Windows",Disconnected
2025-08-05T15:08:11.993Z,worker-mdyg2clhuhz1mpze229,160.202.144.166,8,"Firefox on Windows",Disconnected
2025-08-05T15:08:11.993Z,worker-mdyggzl38lab4wdmwzo,160.202.144.166,4,"Chrome on Windows",Disconnected
2025-08-05T15:08:11.993Z,worker-mdyg1f0zmeyjnt0gei,123.49.52.54,12,"Firefox on Windows",Disconnected
2025-08-05T15:08:11.994Z,worker-mdyg2bbf6bsqh56pu47,160.202.144.166,8,"Firefox on Windows",Disconnected
2025-08-05T15:08:11.994Z,worker-mdyg1glrekorrouwb2p,123.49.52.54,12,"Firefox on Windows",Disconnected
2025-08-05T15:08:11.994Z,worker-mdx1cfr1hv8jwsw7aa,123.49.52.54,12,"Firefox on Windows",Disconnected
2025-08-05T15:08:14.233Z,worker-mdyobsfc14r3vcpjom7,123.49.52.54,12,"Chrome on Windows",Connected
2025-08-05T15:08:15.530Z,worker-mdyobsfc14r3vcpjom7,123.49.52.54,12,"Chrome on Windows",Disconnected
2025-08-05T15:08:15.750Z,worker-mdyobruluvbbmluonm9,123.49.52.54,12,"Firefox on Windows",Connected
2025-08-05T15:08:16.220Z,worker-mdyobtw11mz2jgpilna,123.49.52.54,12,"Chrome on Windows",Connected
2025-08-05T15:08:16.372Z,worker-mdyobrwpxgeqk8ylv3j,123.49.52.54,12,"Firefox on Windows",Connected
2025-08-05T15:08:16.900Z,worker-mdyobs0xefl1ytchipt,123.49.52.54,12,"Firefox on Windows",Connected
2025-08-05T15:08:17.509Z,worker-mdyobssrztlvc6ardh9,123.49.52.54,12,"Firefox on Windows",Connected
2025-08-05T15:08:17.786Z,worker-mdyg2clhuhz1mpze229,160.202.144.166,8,"Firefox on Windows",Connected
2025-08-05T15:08:18.042Z,worker-mdx1cfr1hv8jwsw7aa,123.49.52.54,12,"Firefox on Windows",Connected
2025-08-05T15:08:18.388Z,worker-mdx1cw18y71uqtpye1a,160.202.144.166,8,"Firefox on Windows",Connected
2025-08-05T15:08:18.478Z,worker-mdygfaxzqmsp0gd7tde,160.202.144.166,4,"Chrome on Windows",Connected
2025-08-05T15:08:18.670Z,worker-mdx1ch51dq4eiwksxra,123.49.52.54,12,"Firefox on Windows",Connected
2025-08-05T15:08:18.674Z,worker-mdyobmcmv2dytqw3ad,160.202.144.166,8,"Chrome on Android",Connected
2025-08-05T15:08:18.982Z,worker-mdyg29csmohq6skqlzb,160.202.144.166,8,"Firefox on Windows",Connected
2025-08-05T15:08:19.118Z,worker-mdyobl0upqckde4otoe,160.202.144.166,8,"Chrome on Android",Connected
2025-08-05T15:08:19.120Z,worker-mdyo5a77haywgknzedc,160.202.144.166,8,"Chrome on Android",Connected
2025-08-05T15:08:19.200Z,worker-mdyg1l5sh6qcaxv571,123.49.52.54,12,"Firefox on Windows",Connected
2025-08-05T15:08:19.605Z,worker-mdyg2bbf6bsqh56pu47,160.202.144.166,8,"Firefox on Windows",Connected
2025-08-05T15:08:19.661Z,worker-mdyggvm12nu1i1gd39x,160.202.144.166,4,"Chrome on Windows",Connected
2025-08-05T15:08:20.215Z,worker-mdyg2a1t7ttyg7o4anl,160.202.144.166,8,"Firefox on Windows",Connected
2025-08-05T15:08:20.296Z,worker-mdyggzl38lab4wdmwzo,160.202.144.166,4,"Chrome on Windows",Connected
2025-08-05T15:08:21.342Z,worker-mdyg2kh5ptst9bgfb8,160.202.144.166,4,"Chrome on Windows",Connected
2025-08-05T15:08:23.693Z,worker-mdygfaxzqmsp0gd7tde,160.202.144.166,4,"Chrome on Windows",Disconnected
2025-08-05T15:08:23.982Z,worker-mdyggvm12nu1i1gd39x,160.202.144.166,4,"Chrome on Windows",Disconnected
2025-08-05T15:08:25.072Z,worker-mdyoc32pcvpwkg4tw2n,160.202.144.166,4,"Chrome on Windows",Connected
2025-08-05T15:08:25.753Z,worker-mdyggzl38lab4wdmwzo,160.202.144.166,4,"Chrome on Windows",Disconnected
2025-08-05T15:08:26.283Z,worker-mdyoc3ws56bbzmb0223,160.202.144.166,4,"Chrome on Windows",Connected
2025-08-05T15:08:26.881Z,worker-mdyoc43phchzn32hjim,160.202.144.166,4,"Chrome on Windows",Connected
2025-08-05T15:08:29.847Z,worker-mdyg29csmohq6skqlzb,160.202.144.166,8,"Firefox on Windows",Disconnected
2025-08-05T15:08:30.478Z,worker-mdyg2clhuhz1mpze229,160.202.144.166,8,"Firefox on Windows",Disconnected
2025-08-05T15:08:31.280Z,worker-mdyoc73418lboqq6zxs,160.202.144.166,8,"Firefox on Windows",Connected
2025-08-05T15:08:31.385Z,worker-mdyg2bbf6bsqh56pu47,160.202.144.166,8,"Firefox on Windows",Disconnected
2025-08-05T15:08:31.890Z,worker-mdyoc77v8og8iid2y02,160.202.144.166,8,"Firefox on Windows",Connected
2025-08-05T15:08:32.163Z,worker-mdyg2a1t7ttyg7o4anl,160.202.144.166,8,"Firefox on Windows",Disconnected
2025-08-05T15:08:32.486Z,worker-mdyoc7x06ljci6iq5ao,160.202.144.166,8,"Firefox on Windows",Connected
2025-08-05T15:08:33.086Z,worker-mdyoc8ir45gtoycvyv3,160.202.144.166,8,"Firefox on Windows",Connected
2025-08-05T15:08:38.791Z,worker-mdyg2kh5ptst9bgfb8,160.202.144.166,4,"Chrome on Windows",Disconnected
2025-08-05T15:08:40.271Z,worker-mdyoce6rsspxcmb65jc,160.202.144.166,4,"Chrome on Windows",Connected
2025-08-05T15:08:40.954Z,worker-mdyocejzxkjcny0zeh,160.202.144.166,4,"Chrome on Windows",Connected
2025-08-05T15:08:41.614Z,worker-mdyocezpmzvi152ik8c,160.202.144.166,4,"Chrome on Windows",Connected
2025-08-05T15:09:44.996Z,worker-mdyo5a77haywgknzedc,160.202.144.166,8,"Chrome on Android",Connected
2025-08-05T15:09:45.795Z,worker-mdyobtw11mz2jgpilna,123.49.52.54,12,"Chrome on Windows",Connected
2025-08-05T15:09:46.182Z,worker-mdyoc32pcvpwkg4tw2n,160.202.144.166,4,"Chrome on Windows",Connected
2025-08-05T15:09:47.156Z,worker-mdyobl0upqckde4otoe,160.202.144.166,8,"Chrome on Android",Connected
2025-08-05T15:09:48.015Z,worker-mdyodaiy66jxm1i627j,160.202.144.166,8,"Chrome on Android",Connected
2025-08-05T15:09:48.121Z,worker-mdyoc43phchzn32hjim,160.202.144.166,4,"Chrome on Windows",Connected
2025-08-05T15:09:48.281Z,worker-mdyoce6rsspxcmb65jc,160.202.144.166,4,"Chrome on Windows",Connected
2025-08-05T15:09:49.390Z,worker-mdyocezpmzvi152ik8c,160.202.144.166,4,"Chrome on Windows",Connected
2025-08-05T15:09:50.372Z,worker-mdyoc3ws56bbzmb0223,160.202.144.166,4,"Chrome on Windows",Connected
2025-08-05T15:09:50.927Z,worker-mdyocejzxkjcny0zeh,160.202.144.166,4,"Chrome on Windows",Connected
2025-08-05T15:09:51.566Z,worker-mdyobmcmv2dytqw3ad,160.202.144.166,8,"Chrome on Android",Connected
2025-08-05T15:09:55.570Z,worker-mdyobssrztlvc6ardh9,123.49.52.54,12,"Firefox on Windows",Connected
2025-08-05T15:09:56.834Z,worker-mdx1ch51dq4eiwksxra,123.49.52.54,12,"Firefox on Windows",Connected
2025-08-05T15:09:57.363Z,worker-mdyobrwpxgeqk8ylv3j,123.49.52.54,12,"Firefox on Windows",Connected
2025-08-05T15:09:57.900Z,worker-mdx1cfr1hv8jwsw7aa,123.49.52.54,12,"Firefox on Windows",Connected
2025-08-05T15:09:59.404Z,worker-mdyobs0xefl1ytchipt,123.49.52.54,12,"Firefox on Windows",Connected
2025-08-05T15:09:59.936Z,worker-mdyobruluvbbmluonm9,123.49.52.54,12,"Firefox on Windows",Connected
2025-08-05T15:09:59.991Z,worker-mdyoc73418lboqq6zxs,160.202.144.166,8,"Firefox on Windows",Connected
2025-08-05T15:10:00.566Z,worker-mdyg1l5sh6qcaxv571,123.49.52.54,12,"Firefox on Windows",Connected
2025-08-05T15:10:00.609Z,worker-mdyoc7x06ljci6iq5ao,160.202.144.166,8,"Firefox on Windows",Connected
2025-08-05T15:10:01.265Z,worker-mdx1cw18y71uqtpye1a,160.202.144.166,8,"Firefox on Windows",Connected
2025-08-05T15:10:01.863Z,worker-mdyoc8ir45gtoycvyv3,160.202.144.166,8,"Firefox on Windows",Connected
2025-08-05T15:10:02.504Z,worker-mdyoc77v8og8iid2y02,160.202.144.166,8,"Firefox on Windows",Connected
2025-08-05T15:13:28.322Z,worker-mdyohr73clv966dc6f,160.202.144.166,8,"Chrome on Android",Connected
2025-08-05T15:13:28.781Z,worker-mdyoikb1h2o7flix5la,160.202.144.166,8,"Chrome on Android",Connected
2025-08-05T15:13:44.634Z,worker-mdyobmcmv2dytqw3ad,160.202.144.166,8,"Chrome on Android",Disconnected
2025-08-05T15:14:14.634Z,worker-mdyobl0upqckde4otoe,160.202.144.166,8,"Chrome on Android",Disconnected
2025-08-05T15:14:38.189Z,worker-mdyobmcmv2dytqw3ad,160.202.144.166,8,"Chrome on Android",Connected
2025-08-05T15:14:57.723Z,worker-mdyobl0upqckde4otoe,160.202.144.166,8,"Chrome on Android",Connected
2025-08-05T15:15:12.063Z,worker-mdyokrg7my48psyk5j,160.202.144.166,4,"Chrome on Android",Connected
2025-08-05T15:17:28.564Z,worker-mdyohr73clv966dc6f,160.202.144.166,8,"Chrome on Android",Disconnected
2025-08-05T15:20:56.060Z,worker-mdyoikb1h2o7flix5la,160.202.144.166,8,"Chrome on Android",Disconnected
