Timestamp,TaskID,WorkerID,Status,Duration(ms)
2025-07-27T20:23:06.790Z,0,worker-mdm40ujg5fd59akawl7,Assigned,
2025-07-27T20:23:06.806Z,1,worker-mdm413c7tm0b0y0cnl,Assigned,
2025-07-27T20:23:06.819Z,2,worker-mdm439g04hhhvzs5lr6,Assigned,
2025-07-27T20:23:06.834Z,3,worker-mdm41dlr9mlxqiyq5g,Assigned,
2025-07-27T20:23:06.862Z,4,worker-mdm410p828b57l38z13,Assigned,
2025-07-27T20:23:06.882Z,5,worker-mdm438p33cgmiqsj775,Assigned,
2025-07-27T20:23:06.907Z,6,worker-mdm40sgr1js16edgm93,Assigned,
2025-07-27T20:23:06.929Z,7,worker-mdm41b6sx2bj43qv0bs,Assigned,
2025-07-27T20:23:06.950Z,8,worker-mdm41c9kuydmj5lv85i,Assigned,
2025-07-27T20:23:06.972Z,9,worker-mdm411vnmvw3g7o7xe,Assigned,
2025-07-27T20:23:06.991Z,10,worker-mdm42ym6kppjq7wr7ed,Assigned,
2025-07-27T20:23:07.012Z,11,worker-mdm40tns8mbfu3j8kvv,Assigned,
2025-07-27T20:23:07.032Z,12,worker-mdm3zkp1w2lt6ayd06p,Assigned,
2025-07-27T20:23:07.048Z,13,worker-mdm3zqeoab8v6kwy7jr,Assigned,
2025-07-27T20:23:07.065Z,14,worker-mdm3zy65zrctshkddd,Assigned,
2025-07-27T20:23:07.081Z,2,worker-mdm439g04hhhvzs5lr6,Completed,0
2025-07-27T20:23:07.097Z,15,worker-mdm439g04hhhvzs5lr6,Assigned,
2025-07-27T20:23:07.116Z,3,worker-mdm41dlr9mlxqiyq5g,Completed,0
2025-07-27T20:23:07.139Z,16,worker-mdm41dlr9mlxqiyq5g,Assigned,
2025-07-27T20:23:07.160Z,5,worker-mdm438p33cgmiqsj775,Completed,0
2025-07-27T20:23:07.178Z,17,worker-mdm438p33cgmiqsj775,Assigned,
2025-07-27T20:23:07.194Z,7,worker-mdm41b6sx2bj43qv0bs,Completed,0
2025-07-27T20:23:07.211Z,18,worker-mdm41b6sx2bj43qv0bs,Assigned,
2025-07-27T20:23:07.228Z,8,worker-mdm41c9kuydmj5lv85i,Completed,0
2025-07-27T20:23:07.248Z,19,worker-mdm41c9kuydmj5lv85i,Assigned,
2025-07-27T20:23:07.272Z,10,worker-mdm42ym6kppjq7wr7ed,Completed,0
2025-07-27T20:23:07.295Z,20,worker-mdm42ym6kppjq7wr7ed,Assigned,
2025-07-27T20:23:07.335Z,12,worker-mdm3zkp1w2lt6ayd06p,Completed,0
2025-07-27T20:23:07.358Z,21,worker-mdm3zkp1w2lt6ayd06p,Assigned,
2025-07-27T20:23:07.376Z,15,worker-mdm439g04hhhvzs5lr6,Completed,0
2025-07-27T20:23:07.391Z,22,worker-mdm439g04hhhvzs5lr6,Assigned,
2025-07-27T20:23:07.406Z,16,worker-mdm41dlr9mlxqiyq5g,Completed,0
2025-07-27T20:23:07.421Z,23,worker-mdm41dlr9mlxqiyq5g,Assigned,
2025-07-27T20:23:07.437Z,17,worker-mdm438p33cgmiqsj775,Completed,0
2025-07-27T20:23:07.454Z,24,worker-mdm438p33cgmiqsj775,Assigned,
2025-07-27T20:23:07.473Z,18,worker-mdm41b6sx2bj43qv0bs,Completed,0
2025-07-27T20:23:07.500Z,25,worker-mdm41b6sx2bj43qv0bs,Assigned,
2025-07-27T20:23:07.519Z,19,worker-mdm41c9kuydmj5lv85i,Completed,0
2025-07-27T20:23:07.540Z,26,worker-mdm41c9kuydmj5lv85i,Assigned,
2025-07-27T20:23:07.558Z,20,worker-mdm42ym6kppjq7wr7ed,Completed,0
2025-07-27T20:23:07.578Z,27,worker-mdm42ym6kppjq7wr7ed,Assigned,
2025-07-27T20:23:07.599Z,21,worker-mdm3zkp1w2lt6ayd06p,Completed,0
2025-07-27T20:23:07.620Z,28,worker-mdm3zkp1w2lt6ayd06p,Assigned,
2025-07-27T20:23:07.639Z,22,worker-mdm439g04hhhvzs5lr6,Completed,0
2025-07-27T20:23:07.660Z,29,worker-mdm439g04hhhvzs5lr6,Assigned,
2025-07-27T20:23:07.678Z,23,worker-mdm41dlr9mlxqiyq5g,Completed,0
2025-07-27T20:23:07.695Z,30,worker-mdm41dlr9mlxqiyq5g,Assigned,
2025-07-27T20:23:07.709Z,24,worker-mdm438p33cgmiqsj775,Completed,0
2025-07-27T20:23:07.726Z,31,worker-mdm438p33cgmiqsj775,Assigned,
2025-07-27T20:23:07.742Z,25,worker-mdm41b6sx2bj43qv0bs,Completed,0
2025-07-27T20:23:07.759Z,32,worker-mdm41b6sx2bj43qv0bs,Assigned,
2025-07-27T20:23:07.775Z,26,worker-mdm41c9kuydmj5lv85i,Completed,0
2025-07-27T20:23:07.799Z,33,worker-mdm41c9kuydmj5lv85i,Assigned,
2025-07-27T20:23:07.818Z,27,worker-mdm42ym6kppjq7wr7ed,Completed,0
2025-07-27T20:23:07.841Z,34,worker-mdm42ym6kppjq7wr7ed,Assigned,
2025-07-27T20:23:07.867Z,28,worker-mdm3zkp1w2lt6ayd06p,Completed,0
2025-07-27T20:23:07.887Z,35,worker-mdm3zkp1w2lt6ayd06p,Assigned,
2025-07-27T20:23:07.909Z,29,worker-mdm439g04hhhvzs5lr6,Completed,0
2025-07-27T20:23:07.927Z,36,worker-mdm439g04hhhvzs5lr6,Assigned,
2025-07-27T20:23:07.947Z,30,worker-mdm41dlr9mlxqiyq5g,Completed,0
2025-07-27T20:23:07.965Z,37,worker-mdm41dlr9mlxqiyq5g,Assigned,
2025-07-27T20:23:07.982Z,31,worker-mdm438p33cgmiqsj775,Completed,0
2025-07-27T20:23:08.001Z,38,worker-mdm438p33cgmiqsj775,Assigned,
2025-07-27T20:23:08.021Z,32,worker-mdm41b6sx2bj43qv0bs,Completed,0
2025-07-27T20:23:08.042Z,39,worker-mdm41b6sx2bj43qv0bs,Assigned,
2025-07-27T20:23:08.060Z,33,worker-mdm41c9kuydmj5lv85i,Completed,0
2025-07-27T20:23:08.080Z,40,worker-mdm41c9kuydmj5lv85i,Assigned,
2025-07-27T20:23:08.099Z,34,worker-mdm42ym6kppjq7wr7ed,Completed,0
2025-07-27T20:23:08.122Z,41,worker-mdm42ym6kppjq7wr7ed,Assigned,
2025-07-27T20:23:08.143Z,36,worker-mdm439g04hhhvzs5lr6,Completed,0
2025-07-27T20:23:08.171Z,42,worker-mdm439g04hhhvzs5lr6,Assigned,
2025-07-27T20:23:08.193Z,37,worker-mdm41dlr9mlxqiyq5g,Completed,0
2025-07-27T20:23:08.216Z,43,worker-mdm41dlr9mlxqiyq5g,Assigned,
2025-07-27T20:23:08.236Z,38,worker-mdm438p33cgmiqsj775,Completed,0
2025-07-27T20:23:08.258Z,44,worker-mdm438p33cgmiqsj775,Assigned,
2025-07-27T20:23:08.280Z,39,worker-mdm41b6sx2bj43qv0bs,Completed,0
2025-07-27T20:23:08.381Z,45,worker-mdm41b6sx2bj43qv0bs,Assigned,
2025-07-27T20:23:08.492Z,40,worker-mdm41c9kuydmj5lv85i,Completed,0
2025-07-27T20:23:08.520Z,46,worker-mdm41c9kuydmj5lv85i,Assigned,
2025-07-27T20:23:08.547Z,41,worker-mdm42ym6kppjq7wr7ed,Completed,0
2025-07-27T20:23:08.570Z,47,worker-mdm42ym6kppjq7wr7ed,Assigned,
2025-07-27T20:23:08.595Z,42,worker-mdm439g04hhhvzs5lr6,Completed,0
2025-07-27T20:23:08.617Z,48,worker-mdm439g04hhhvzs5lr6,Assigned,
2025-07-27T20:23:08.641Z,43,worker-mdm41dlr9mlxqiyq5g,Completed,0
2025-07-27T20:23:08.667Z,49,worker-mdm41dlr9mlxqiyq5g,Assigned,
2025-07-27T20:23:08.688Z,44,worker-mdm438p33cgmiqsj775,Completed,0
2025-07-27T20:23:08.709Z,50,worker-mdm438p33cgmiqsj775,Assigned,
2025-07-27T20:23:08.736Z,45,worker-mdm41b6sx2bj43qv0bs,Completed,0
2025-07-27T20:23:08.764Z,51,worker-mdm41b6sx2bj43qv0bs,Assigned,
2025-07-27T20:23:08.792Z,46,worker-mdm41c9kuydmj5lv85i,Completed,0
2025-07-27T20:23:08.818Z,52,worker-mdm41c9kuydmj5lv85i,Assigned,
2025-07-27T20:23:08.856Z,47,worker-mdm42ym6kppjq7wr7ed,Completed,0
2025-07-27T20:23:08.895Z,53,worker-mdm42ym6kppjq7wr7ed,Assigned,
2025-07-27T20:23:08.923Z,48,worker-mdm439g04hhhvzs5lr6,Completed,0
2025-07-27T20:23:08.950Z,54,worker-mdm439g04hhhvzs5lr6,Assigned,
2025-07-27T20:23:08.974Z,49,worker-mdm41dlr9mlxqiyq5g,Completed,0
2025-07-27T20:23:09.002Z,55,worker-mdm41dlr9mlxqiyq5g,Assigned,
2025-07-27T20:23:09.030Z,50,worker-mdm438p33cgmiqsj775,Completed,0
2025-07-27T20:23:09.055Z,56,worker-mdm438p33cgmiqsj775,Assigned,
2025-07-27T20:23:09.078Z,51,worker-mdm41b6sx2bj43qv0bs,Completed,0
2025-07-27T20:23:09.106Z,57,worker-mdm41b6sx2bj43qv0bs,Assigned,
2025-07-27T20:23:09.132Z,52,worker-mdm41c9kuydmj5lv85i,Completed,0
2025-07-27T20:23:09.155Z,58,worker-mdm41c9kuydmj5lv85i,Assigned,
2025-07-27T20:23:09.179Z,53,worker-mdm42ym6kppjq7wr7ed,Completed,0
2025-07-27T20:23:09.204Z,59,worker-mdm42ym6kppjq7wr7ed,Assigned,
2025-07-27T20:23:09.227Z,54,worker-mdm439g04hhhvzs5lr6,Completed,0
2025-07-27T20:23:09.255Z,60,worker-mdm439g04hhhvzs5lr6,Assigned,
2025-07-27T20:23:09.285Z,55,worker-mdm41dlr9mlxqiyq5g,Completed,0
2025-07-27T20:23:09.317Z,61,worker-mdm41dlr9mlxqiyq5g,Assigned,
2025-07-27T20:23:09.343Z,56,worker-mdm438p33cgmiqsj775,Completed,0
2025-07-27T20:23:09.366Z,62,worker-mdm438p33cgmiqsj775,Assigned,
2025-07-27T20:23:09.391Z,57,worker-mdm41b6sx2bj43qv0bs,Completed,0
2025-07-27T20:23:09.417Z,63,worker-mdm41b6sx2bj43qv0bs,Assigned,
2025-07-27T20:23:09.441Z,58,worker-mdm41c9kuydmj5lv85i,Completed,0
2025-07-27T20:23:09.473Z,64,worker-mdm41c9kuydmj5lv85i,Assigned,
2025-07-27T20:23:09.503Z,59,worker-mdm42ym6kppjq7wr7ed,Completed,0
2025-07-27T20:23:09.536Z,65,worker-mdm42ym6kppjq7wr7ed,Assigned,
2025-07-27T20:23:09.566Z,60,worker-mdm439g04hhhvzs5lr6,Completed,0
2025-07-27T20:23:09.598Z,66,worker-mdm439g04hhhvzs5lr6,Assigned,
2025-07-27T20:23:09.628Z,61,worker-mdm41dlr9mlxqiyq5g,Completed,0
2025-07-27T20:23:09.659Z,67,worker-mdm41dlr9mlxqiyq5g,Assigned,
2025-07-27T20:23:09.689Z,62,worker-mdm438p33cgmiqsj775,Completed,0
2025-07-27T20:23:09.718Z,68,worker-mdm438p33cgmiqsj775,Assigned,
2025-07-27T20:23:09.747Z,63,worker-mdm41b6sx2bj43qv0bs,Completed,0
2025-07-27T20:23:09.777Z,69,worker-mdm41b6sx2bj43qv0bs,Assigned,
2025-07-27T20:23:09.804Z,64,worker-mdm41c9kuydmj5lv85i,Completed,0
2025-07-27T20:23:09.833Z,70,worker-mdm41c9kuydmj5lv85i,Assigned,
2025-07-27T20:23:09.867Z,65,worker-mdm42ym6kppjq7wr7ed,Completed,0
2025-07-27T20:23:09.907Z,71,worker-mdm42ym6kppjq7wr7ed,Assigned,
2025-07-27T20:23:09.935Z,66,worker-mdm439g04hhhvzs5lr6,Completed,0
2025-07-27T20:23:09.969Z,72,worker-mdm439g04hhhvzs5lr6,Assigned,
2025-07-27T20:23:09.995Z,67,worker-mdm41dlr9mlxqiyq5g,Completed,0
2025-07-27T20:23:10.024Z,73,worker-mdm41dlr9mlxqiyq5g,Assigned,
2025-07-27T20:23:10.128Z,68,worker-mdm438p33cgmiqsj775,Completed,0
2025-07-27T20:23:10.157Z,74,worker-mdm438p33cgmiqsj775,Assigned,
2025-07-27T20:23:10.185Z,69,worker-mdm41b6sx2bj43qv0bs,Completed,0
2025-07-27T20:23:10.210Z,75,worker-mdm41b6sx2bj43qv0bs,Assigned,
2025-07-27T20:23:10.232Z,70,worker-mdm41c9kuydmj5lv85i,Completed,0
2025-07-27T20:23:10.253Z,76,worker-mdm41c9kuydmj5lv85i,Assigned,
2025-07-27T20:23:10.272Z,71,worker-mdm42ym6kppjq7wr7ed,Completed,0
2025-07-27T20:23:10.300Z,77,worker-mdm42ym6kppjq7wr7ed,Assigned,
2025-07-27T20:23:10.318Z,6,worker-mdm40sgr1js16edgm93,Completed,0
2025-07-27T20:23:10.341Z,78,worker-mdm40sgr1js16edgm93,Assigned,
2025-07-27T20:23:10.362Z,11,worker-mdm40tns8mbfu3j8kvv,Completed,0
2025-07-27T20:23:10.382Z,79,worker-mdm40tns8mbfu3j8kvv,Assigned,
2025-07-27T20:23:10.400Z,0,worker-mdm40ujg5fd59akawl7,Completed,0
2025-07-27T20:23:10.423Z,80,worker-mdm40ujg5fd59akawl7,Assigned,
2025-07-27T20:23:10.446Z,1,worker-mdm413c7tm0b0y0cnl,Completed,0
2025-07-27T20:23:10.466Z,81,worker-mdm413c7tm0b0y0cnl,Assigned,
2025-07-27T20:23:10.490Z,4,worker-mdm410p828b57l38z13,Completed,0
2025-07-27T20:23:10.513Z,82,worker-mdm410p828b57l38z13,Assigned,
2025-07-27T20:23:10.535Z,9,worker-mdm411vnmvw3g7o7xe,Completed,0
2025-07-27T20:23:10.558Z,83,worker-mdm411vnmvw3g7o7xe,Assigned,
2025-07-27T20:23:10.577Z,14,worker-mdm3zy65zrctshkddd,Completed,0
2025-07-27T20:23:10.597Z,84,worker-mdm3zy65zrctshkddd,Assigned,
2025-07-27T20:23:10.620Z,13,worker-mdm3zqeoab8v6kwy7jr,Completed,0
2025-07-27T20:23:10.641Z,85,worker-mdm3zqeoab8v6kwy7jr,Assigned,
2025-07-27T20:23:10.661Z,35,worker-mdm3zkp1w2lt6ayd06p,Completed,0
2025-07-27T20:23:10.686Z,86,worker-mdm3zkp1w2lt6ayd06p,Assigned,
2025-07-27T20:23:10.729Z,72,worker-mdm439g04hhhvzs5lr6,Completed,0
2025-07-27T20:23:10.752Z,73,worker-mdm41dlr9mlxqiyq5g,Completed,0
2025-07-27T20:23:10.776Z,74,worker-mdm438p33cgmiqsj775,Completed,0
2025-07-27T20:23:10.795Z,75,worker-mdm41b6sx2bj43qv0bs,Completed,0
2025-07-27T20:23:10.814Z,76,worker-mdm41c9kuydmj5lv85i,Completed,0
2025-07-27T20:23:10.839Z,77,worker-mdm42ym6kppjq7wr7ed,Completed,0
2025-07-27T20:23:10.867Z,78,worker-mdm40sgr1js16edgm93,Completed,0
2025-07-27T20:23:10.890Z,79,worker-mdm40tns8mbfu3j8kvv,Completed,0
2025-07-27T20:23:10.916Z,80,worker-mdm40ujg5fd59akawl7,Completed,0
2025-07-27T20:23:10.943Z,81,worker-mdm413c7tm0b0y0cnl,Completed,0
2025-07-27T20:23:10.969Z,82,worker-mdm410p828b57l38z13,Completed,0
2025-07-27T20:23:10.995Z,83,worker-mdm411vnmvw3g7o7xe,Completed,0
2025-07-27T20:23:11.024Z,85,worker-mdm3zqeoab8v6kwy7jr,Completed,0
2025-07-27T20:23:11.058Z,86,worker-mdm3zkp1w2lt6ayd06p,Completed,0
2025-07-27T20:23:11.084Z,84,worker-mdm3zy65zrctshkddd,Completed,0
