2025-08-06T04:09:27.791Z,worker-mdzg8hze8k727ithzji,160.202.144.166,8,"Firefox on Windows",Connected
2025-08-06T04:10:58.451Z,worker-mdyoc77v8og8iid2y02,160.202.144.166,8,"Firefox on Windows",Connected
2025-08-06T04:11:00.079Z,worker-mdyoc8ir45gtoycvyv3,160.202.144.166,8,"Firefox on Windows",Connected
2025-08-06T04:11:00.301Z,worker-mdyrvtz2hob05mljak9,160.202.144.166,8,"Firefox on Windows",Connected
2025-08-06T04:11:01.475Z,worker-mdx1cw18y71uqtpye1a,160.202.144.166,8,"Firefox on Windows",Connected
2025-08-06T04:11:03.059Z,worker-mdyoc7x06ljci6iq5ao,160.202.144.166,8,"Firefox on Windows",Connected
2025-08-06T04:11:04.577Z,worker-mdyoc73418lboqq6zxs,160.202.144.166,8,"Firefox on Windows",Connected
2025-08-06T04:11:12.629Z,worker-mdzfckqe74cwweokkun,160.202.144.166,8,"Chrome on Android",Disconnected
2025-08-06T04:12:04.929Z,worker-mdzgbu293e0p2jb6zv,160.202.144.166,8,"Chrome on Android",Connected
2025-08-06T04:12:40.586Z,worker-mdzfd4wbfs1c8s1vjb8,160.202.144.166,8,"Chrome on Android",Connected
2025-08-06T04:13:33.733Z,worker-mdzfd4wbfs1c8s1vjb8,160.202.144.166,8,"Chrome on Android",Disconnected
2025-08-06T04:14:40.751Z,worker-mdzfd4wbfs1c8s1vjb8,160.202.144.166,8,"Chrome on Android",Connected
2025-08-06T04:20:15.622Z,worker-mdyrvtz2hob05mljak9,160.202.144.166,8,"Firefox on Windows",Connected
2025-08-06T04:20:41.042Z,worker-mdzg8hze8k727ithzji,160.202.144.166,8,"Firefox on Windows",Connected
2025-08-06T04:20:47.449Z,worker-mdyoc73418lboqq6zxs,160.202.144.166,8,"Firefox on Windows",Disconnected
2025-08-06T04:20:47.457Z,worker-mdyoc7x06ljci6iq5ao,160.202.144.166,8,"Firefox on Windows",Disconnected
2025-08-06T04:20:47.466Z,worker-mdx1cw18y71uqtpye1a,160.202.144.166,8,"Firefox on Windows",Disconnected
2025-08-06T04:20:47.474Z,worker-mdyoc8ir45gtoycvyv3,160.202.144.166,8,"Firefox on Windows",Disconnected
2025-08-06T04:20:47.483Z,worker-mdyoc77v8og8iid2y02,160.202.144.166,8,"Firefox on Windows",Disconnected
2025-08-06T04:20:49.758Z,worker-mdyrvtz2hob05mljak9,160.202.144.166,8,"Firefox on Windows",Disconnected
2025-08-06T04:21:17.468Z,worker-mdzg8hze8k727ithzji,160.202.144.166,8,"Firefox on Windows",Disconnected
2025-08-06T04:22:03.529Z,worker-mdyrvtz2hob05mljak9,160.202.144.166,8,"Firefox on Windows",Connected
2025-08-06T04:22:17.483Z,worker-mdzfd4wbfs1c8s1vjb8,160.202.144.166,8,"Chrome on Android",Disconnected
2025-08-06T04:22:23.697Z,worker-mdzg8hze8k727ithzji,160.202.144.166,8,"Firefox on Windows",Connected
2025-08-06T04:22:38.144Z,worker-mdzfd4wbfs1c8s1vjb8,160.202.144.166,8,"Chrome on Android",Connected
2025-08-06T04:23:24.621Z,worker-mdzg8hze8k727ithzji,160.202.144.166,8,"Firefox on Windows",Disconnected
2025-08-06T04:26:05.007Z,worker-mdyrvtz2hob05mljak9,160.202.144.166,8,"Firefox on Windows",Disconnected
2025-08-06T04:26:49.906Z,worker-mdzfcpqv7181taurdh5,160.202.144.166,8,"Chrome on Android",Disconnected
2025-08-06T04:28:47.493Z,worker-mdzdoc2gfcujds8gdi6,160.202.144.166,4,"Chrome on Windows",Disconnected
2025-08-06T04:28:47.493Z,worker-mdzdo4pxhv07gjz8ctp,160.202.144.166,4,"Chrome on Windows",Disconnected
2025-08-06T04:28:47.493Z,worker-mdzdo7pl2bh0j2ghhr,160.202.144.166,4,"Chrome on Windows",Disconnected
2025-08-06T04:28:47.493Z,worker-mdzdoan4zaikl8lwwn8,160.202.144.166,4,"Chrome on Windows",Disconnected
2025-08-06T04:29:47.492Z,worker-mdzfd4wbfs1c8s1vjb8,160.202.144.166,8,"Chrome on Android",Disconnected
2025-08-06T04:31:48.020Z,worker-mdzgbu293e0p2jb6zv,160.202.144.166,8,"Chrome on Android",Disconnected
2025-08-06T04:52:17.508Z,worker-mdzdmhn5sohylu3nfnj,160.202.144.166,8,"Chrome on Android",Disconnected
2025-08-06T04:52:52.629Z,worker-mdzfd4wbfs1c8s1vjb8,103.230.106.34,8,"Chrome on Android",Connected
2025-08-06T04:58:19.600Z,worker-mdzfd4wbfs1c8s1vjb8,103.230.106.34,8,"Chrome on Android",Disconnected
2025-08-06T05:09:07.961Z,worker-mdzgbu293e0p2jb6zv,160.202.144.166,8,"Chrome on Android",Connected
2025-08-06T05:14:47.941Z,worker-mdzgbu293e0p2jb6zv,160.202.144.166,8,"Chrome on Android",Disconnected
2025-08-06T05:23:18.781Z,worker-mdzivh2arqp3lek5tm,18.236.145.234,4,"Chrome on Android",Connected
2025-08-06T05:23:24.403Z,worker-mdzivh2arqp3lek5tm,18.236.145.234,4,"Chrome on Android",Disconnected
2025-08-06T05:27:44.235Z,worker-mdzdp9efx9uq5if6l48,160.202.144.166,4,"Chrome on Windows",Disconnected
2025-08-06T05:27:44.235Z,worker-mdzdrlcv278dg3up4xa,160.202.144.166,4,"Chrome on Windows",Disconnected
2025-08-06T05:27:44.239Z,worker-mdzdpd4n0phen1lpnqy,160.202.144.166,4,"Chrome on Windows",Disconnected
2025-08-06T05:27:44.241Z,worker-mdzdp6wp26d25l6k9aa,160.202.144.166,4,"Chrome on Windows",Disconnected
2025-08-06T05:36:41.272Z,worker-mdzgbu293e0p2jb6zv,160.202.144.166,8,"Chrome on Android",Connected
2025-08-06T05:36:57.148Z,worker-mdzgbu293e0p2jb6zv,160.202.144.166,8,"Chrome on Android",Disconnected
2025-08-06T05:47:36.981Z,worker-mdyqh6cr4i8m23moyex,160.202.144.166,4,"Chrome on Windows",Disconnected
2025-08-06T05:47:36.983Z,worker-mdyqh8ct3wwic77ujyc,160.202.144.166,4,"Chrome on Windows",Disconnected
2025-08-06T05:47:36.984Z,worker-mdyqh690ie2snczeojm,160.202.144.166,4,"Chrome on Windows",Disconnected
2025-08-06T07:12:02.241Z,worker-mdyqi9olwaggkgr92i,123.49.52.54,12,"Firefox on Windows",Connected
2025-08-06T07:12:02.415Z,worker-mdyqiqj5521co0jmj5h,123.49.52.54,12,"Chrome on Windows",Connected
2025-08-06T07:12:02.773Z,worker-mdx1ch51dq4eiwksxra,123.49.52.54,12,"Firefox on Windows",Connected
2025-08-06T07:12:02.970Z,worker-mdyqifmqgvtorvwskku,123.49.52.54,12,"Chrome on Windows",Connected
2025-08-06T07:12:03.303Z,worker-mdyqib20vb2ouoc7sg,123.49.52.54,12,"Firefox on Windows",Connected
2025-08-06T07:12:03.855Z,worker-mdyqi9ixbmhq4tzub5u,123.49.52.54,12,"Firefox on Windows",Connected
2025-08-06T07:12:04.388Z,worker-mdyqia85gbd4oh8wq99,123.49.52.54,12,"Firefox on Windows",Connected
2025-08-06T07:12:04.920Z,worker-mdyqibn9xzxg8qepa1k,123.49.52.54,12,"Firefox on Windows",Connected
2025-08-06T07:12:05.453Z,worker-mdx1cfr1hv8jwsw7aa,123.49.52.54,12,"Firefox on Windows",Connected
2025-08-06T07:12:17.417Z,worker-mdx1ch51dq4eiwksxra,123.49.52.54,12,"Firefox on Windows",Connected
2025-08-06T07:12:17.948Z,worker-mdx1cfr1hv8jwsw7aa,123.49.52.54,12,"Firefox on Windows",Connected
2025-08-06T07:12:18.402Z,worker-mdyqifmqgvtorvwskku,123.49.52.54,12,"Chrome on Windows",Connected
2025-08-06T07:12:18.479Z,worker-mdyqi9ixbmhq4tzub5u,123.49.52.54,12,"Firefox on Windows",Connected
2025-08-06T07:12:18.954Z,worker-mdyqiqj5521co0jmj5h,123.49.52.54,12,"Chrome on Windows",Connected
2025-08-06T07:12:19.013Z,worker-mdyqib20vb2ouoc7sg,123.49.52.54,12,"Firefox on Windows",Connected
2025-08-06T07:12:19.548Z,worker-mdyqia85gbd4oh8wq99,123.49.52.54,12,"Firefox on Windows",Connected
2025-08-06T07:12:20.084Z,worker-mdyqibn9xzxg8qepa1k,123.49.52.54,12,"Firefox on Windows",Connected
2025-08-06T07:12:20.626Z,worker-mdyqi9olwaggkgr92i,123.49.52.54,12,"Firefox on Windows",Connected
2025-08-06T07:12:43.550Z,worker-mdyqi9ixbmhq4tzub5u,123.49.52.54,12,"Firefox on Windows",Connected
2025-08-06T07:12:44.087Z,worker-mdyqib20vb2ouoc7sg,123.49.52.54,12,"Firefox on Windows",Connected
2025-08-06T07:12:44.421Z,worker-mdyqifmqgvtorvwskku,123.49.52.54,12,"Chrome on Windows",Connected
2025-08-06T07:12:44.622Z,worker-mdyqia85gbd4oh8wq99,123.49.52.54,12,"Firefox on Windows",Connected
2025-08-06T07:12:44.970Z,worker-mdyqiqj5521co0jmj5h,123.49.52.54,12,"Chrome on Windows",Connected
2025-08-06T07:12:45.156Z,worker-mdx1cfr1hv8jwsw7aa,123.49.52.54,12,"Firefox on Windows",Connected
2025-08-06T07:12:45.691Z,worker-mdyqibn9xzxg8qepa1k,123.49.52.54,12,"Firefox on Windows",Connected
2025-08-06T07:12:46.230Z,worker-mdyqi9olwaggkgr92i,123.49.52.54,12,"Firefox on Windows",Connected
2025-08-06T07:12:46.764Z,worker-mdx1ch51dq4eiwksxra,123.49.52.54,12,"Firefox on Windows",Connected
2025-08-06T07:13:08.917Z,worker-mdyqi9olwaggkgr92i,123.49.52.54,12,"Firefox on Windows",Disconnected
2025-08-06T07:13:08.917Z,worker-mdx1ch51dq4eiwksxra,123.49.52.54,12,"Firefox on Windows",Disconnected
2025-08-06T07:13:08.918Z,worker-mdyqi9ixbmhq4tzub5u,123.49.52.54,12,"Firefox on Windows",Disconnected
2025-08-06T07:13:08.918Z,worker-mdyqib20vb2ouoc7sg,123.49.52.54,12,"Firefox on Windows",Disconnected
2025-08-06T07:13:08.918Z,worker-mdyqifmqgvtorvwskku,123.49.52.54,12,"Chrome on Windows",Disconnected
2025-08-06T07:13:08.919Z,worker-mdyqia85gbd4oh8wq99,123.49.52.54,12,"Firefox on Windows",Disconnected
2025-08-06T07:13:08.919Z,worker-mdyqiqj5521co0jmj5h,123.49.52.54,12,"Chrome on Windows",Disconnected
2025-08-06T07:13:08.919Z,worker-mdx1cfr1hv8jwsw7aa,123.49.52.54,12,"Firefox on Windows",Disconnected
2025-08-06T07:13:08.919Z,worker-mdyqibn9xzxg8qepa1k,123.49.52.54,12,"Firefox on Windows",Disconnected
2025-08-06T07:13:14.655Z,worker-mdyqia85gbd4oh8wq99,123.49.52.54,12,"Firefox on Windows",Connected
2025-08-06T07:13:15.182Z,worker-mdyqi9olwaggkgr92i,123.49.52.54,12,"Firefox on Windows",Connected
2025-08-06T07:13:15.431Z,worker-mdyqiqj5521co0jmj5h,123.49.52.54,12,"Chrome on Windows",Connected
2025-08-06T07:13:15.711Z,worker-mdyqib20vb2ouoc7sg,123.49.52.54,12,"Firefox on Windows",Connected
2025-08-06T07:13:15.978Z,worker-mdyqifmqgvtorvwskku,123.49.52.54,12,"Chrome on Windows",Connected
2025-08-06T07:13:16.246Z,worker-mdyqi9ixbmhq4tzub5u,123.49.52.54,12,"Firefox on Windows",Connected
2025-08-06T07:13:16.775Z,worker-mdx1cfr1hv8jwsw7aa,123.49.52.54,12,"Firefox on Windows",Connected
2025-08-06T07:13:17.310Z,worker-mdx1ch51dq4eiwksxra,123.49.52.54,12,"Firefox on Windows",Connected
2025-08-06T07:13:17.841Z,worker-mdyqibn9xzxg8qepa1k,123.49.52.54,12,"Firefox on Windows",Connected
2025-08-06T07:14:42.040Z,worker-mdyqi9olwaggkgr92i,123.49.52.54,12,"Firefox on Windows",Connected
2025-08-06T07:14:42.569Z,worker-mdyqia85gbd4oh8wq99,123.49.52.54,12,"Firefox on Windows",Connected
2025-08-06T07:14:43.106Z,worker-mdx1ch51dq4eiwksxra,123.49.52.54,12,"Firefox on Windows",Connected
2025-08-06T07:14:43.645Z,worker-mdyqib20vb2ouoc7sg,123.49.52.54,12,"Firefox on Windows",Connected
2025-08-06T07:14:44.186Z,worker-mdyqi9ixbmhq4tzub5u,123.49.52.54,12,"Firefox on Windows",Connected
2025-08-06T07:14:44.719Z,worker-mdx1cfr1hv8jwsw7aa,123.49.52.54,12,"Firefox on Windows",Connected
2025-08-06T07:14:45.251Z,worker-mdyqibn9xzxg8qepa1k,123.49.52.54,12,"Firefox on Windows",Connected
2025-08-06T07:14:45.426Z,worker-mdyqifmqgvtorvwskku,123.49.52.54,12,"Chrome on Windows",Connected
2025-08-06T07:14:46.413Z,worker-mdyqiqj5521co0jmj5h,123.49.52.54,12,"Chrome on Windows",Connected
2025-08-06T07:15:38.560Z,worker-mdyoc77v8og8iid2y02,202.40.184.247,8,"Firefox on Windows",Connected
2025-08-06T07:15:38.561Z,worker-mdyoc73418lboqq6zxs,202.40.184.247,8,"Firefox on Windows",Connected
2025-08-06T07:15:39.728Z,worker-mdyoc8ir45gtoycvyv3,202.40.184.247,8,"Firefox on Windows",Connected
2025-08-06T07:15:40.209Z,worker-mdyoc7x06ljci6iq5ao,202.40.184.247,8,"Firefox on Windows",Connected
2025-08-06T07:15:40.642Z,worker-mdx1cw18y71uqtpye1a,202.40.184.247,8,"Firefox on Windows",Connected
2025-08-06T07:16:41.579Z,worker-mdx1cw18y71uqtpye1a,202.40.184.247,8,"Firefox on Windows",Disconnected
2025-08-06T07:16:41.579Z,worker-mdyoc7x06ljci6iq5ao,202.40.184.247,8,"Firefox on Windows",Disconnected
2025-08-06T07:16:41.579Z,worker-mdyoc8ir45gtoycvyv3,202.40.184.247,8,"Firefox on Windows",Disconnected
2025-08-06T07:16:41.579Z,worker-mdyoc73418lboqq6zxs,202.40.184.247,8,"Firefox on Windows",Disconnected
2025-08-06T07:16:41.579Z,worker-mdyoc77v8og8iid2y02,202.40.184.247,8,"Firefox on Windows",Disconnected
2025-08-06T07:17:37.832Z,worker-mdx1cw18y71uqtpye1a,202.40.184.247,8,"Firefox on Windows",Connected
2025-08-06T07:17:38.439Z,worker-mdyoc8ir45gtoycvyv3,202.40.184.247,8,"Firefox on Windows",Connected
2025-08-06T07:17:53.585Z,worker-mdyoc7x06ljci6iq5ao,202.40.184.247,8,"Firefox on Windows",Connected
2025-08-06T07:17:54.598Z,worker-mdyoc77v8og8iid2y02,202.40.184.247,8,"Firefox on Windows",Connected
2025-08-06T07:17:55.352Z,worker-mdyoc73418lboqq6zxs,202.40.184.247,8,"Firefox on Windows",Connected
2025-08-06T07:18:35.308Z,worker-mdzmzpkh0fzw59migtjh,202.40.184.247,8,"Chrome on Android",Connected
2025-08-06T07:19:11.071Z,worker-mdzfd4wbfs1c8s1vjb8,202.40.184.247,8,"Chrome on Android",Connected
2025-08-06T07:20:15.814Z,worker-mdzn1z3x5kwmiwa0t4p,202.40.184.247,8,"Chrome on Android",Connected
2025-08-06T07:24:11.746Z,worker-mdzmzpkh0fzw59migtjh,202.40.184.247,8,"Chrome on Android",Disconnected
2025-08-06T07:26:11.069Z,worker-mdzmzpkh0fzw59migtjh,202.40.184.247,8,"Chrome on Android",Connected
2025-08-06T07:26:11.084Z,worker-mdzmzpkh0fzw59migtjh,202.40.184.247,8,"Chrome on Android",Disconnected
2025-08-06T07:26:12.308Z,worker-mdzn9i985mjyx6siau,202.40.184.247,8,"Chrome on Android",Connected
2025-08-06T07:26:47.827Z,worker-mdzfd4wbfs1c8s1vjb8,202.40.184.247,8,"Chrome on Android",Disconnected
2025-08-06T07:26:48.858Z,worker-mdznaap0wle1em8ins,202.40.184.247,8,"Chrome on Android",Connected
2025-08-06T07:26:50.571Z,worker-mdzn1z3x5kwmiwa0t4p,202.40.184.247,8,"Chrome on Android",Disconnected
2025-08-06T07:26:51.883Z,worker-mdzn9i985mjyx6siau,202.40.184.247,8,"Chrome on Android",Disconnected
2025-08-06T07:26:52.246Z,worker-mdznahb656dhuuaqgo5,202.40.184.247,8,"Chrome on Android",Connected
2025-08-06T07:26:52.984Z,worker-mdznadg0h44fbg82u0a,202.40.184.247,8,"Chrome on Android",Connected
2025-08-06T07:26:53.811Z,worker-mdznaap0wle1em8ins,202.40.184.247,8,"Chrome on Android",Disconnected
2025-08-06T07:26:54.642Z,worker-mdznaf0n2moqi0keos2,202.40.184.247,8,"Chrome on Android",Connected
