2025-08-04T10:19:02.032Z,worker-mdwych29dc0a0bvw1dv,123.49.52.54,8,"Chrome on Android",Disconnected
2025-08-04T10:20:39.596Z,worker-mdwyd772lpeoh5uvpg,123.49.52.54,8,"Chrome on Android",Disconnected
2025-08-04T10:20:46.219Z,worker-mdwyd772lpeoh5uvpg,202.40.184.247,8,"Chrome on Android",Connected
2025-08-04T10:21:42.956Z,worker-mdwyd772lpeoh5uvpg,202.40.184.247,8,"Chrome on Android",Disconnected
2025-08-04T10:30:00.596Z,worker-mdwyy6grxb3c5z0evs,123.49.52.54,8,"Chrome on Android",Connected
2025-08-04T10:30:07.342Z,worker-mdwyybe3l19toi69xo,123.49.52.54,8,"Chrome on Android",Connected
2025-08-04T10:30:44.708Z,worker-mdwyy6grxb3c5z0evs,123.49.52.54,8,"Chrome on Android",Disconnected
2025-08-04T10:30:44.804Z,worker-mdwyybe3l19toi69xo,123.49.52.54,8,"Chrome on Android",Disconnected
2025-08-04T10:30:45.806Z,worker-mdwyz54wb0ugs82oyl9,123.49.52.54,8,"Chrome on Android",Connected
2025-08-04T10:30:47.399Z,worker-mdwyz543vobws1xedr,123.49.52.54,8,"Chrome on Android",Connected
2025-08-04T10:30:50.360Z,worker-mdwxz7qp6j8odutf9b9,123.49.52.54,12,"Chrome on Windows",Disconnected
2025-08-04T10:30:51.011Z,worker-mdwyz87v3v5tbugaokt,123.49.52.54,12,"Chrome on Windows",Connected
2025-08-04T10:31:04.384Z,worker-mdwy9c0tn4jrobtr4jo,123.49.52.54,8,"Firefox on Windows",Disconnected
2025-08-04T10:31:05.770Z,worker-mdwyzks7z6fa5053qb,123.49.52.54,8,"Firefox on Windows",Connected
2025-08-04T10:31:06.770Z,worker-mdwy9aqteknxyccedy,123.49.52.54,8,"Firefox on Windows",Disconnected
2025-08-04T10:31:07.810Z,worker-mdwyzm9b2xwl2jh6ym,123.49.52.54,8,"Firefox on Windows",Connected
2025-08-04T10:31:08.564Z,worker-mdwy99gdhmhrmaq4u19,123.49.52.54,8,"Firefox on Windows",Disconnected
2025-08-04T10:31:09.520Z,worker-mdwyznn47shh0cairb7,123.49.52.54,8,"Firefox on Windows",Connected
2025-08-04T10:31:12.856Z,worker-mdwy98840g040qmpgpy,123.49.52.54,8,"Firefox on Windows",Disconnected
2025-08-04T10:31:13.826Z,worker-mdwyzqz9mu1x1kpnir,123.49.52.54,8,"Firefox on Windows",Connected
2025-08-04T10:31:14.903Z,worker-mdwy96r2u85hhb5gr6c,123.49.52.54,8,"Firefox on Windows",Disconnected
2025-08-04T10:31:15.853Z,worker-mdwyzsiunfr9ykohwx7,123.49.52.54,8,"Firefox on Windows",Connected
2025-08-04T10:31:23.467Z,worker-mdwy6asbu2dwjsa2jda,123.49.52.54,12,"Firefox on Windows",Disconnected
2025-08-04T10:31:25.536Z,worker-mdwyzyunat4aovg43vr,123.49.52.54,12,"Firefox on Windows",Connected
2025-08-04T10:31:28.816Z,worker-mdwy69jvkfesh6pazzd,123.49.52.54,12,"Firefox on Windows",Disconnected
2025-08-04T10:31:30.479Z,worker-mdwz02nrvksaeu2mpkb,123.49.52.54,12,"Firefox on Windows",Connected
2025-08-04T10:31:33.490Z,worker-mdwy68bcz8p0luiriyb,123.49.52.54,12,"Firefox on Windows",Disconnected
2025-08-04T10:31:35.784Z,worker-mdwz06rc4m60aktquzd,123.49.52.54,12,"Firefox on Windows",Connected
2025-08-04T10:31:37.653Z,worker-mdwy66we3rftiyu9vo8,123.49.52.54,12,"Firefox on Windows",Disconnected
2025-08-04T10:31:39.756Z,worker-mdwz09ttmygzzx07kuq,123.49.52.54,12,"Firefox on Windows",Connected
2025-08-04T10:31:42.036Z,worker-mdwy65r71qqwfzpvukbh,123.49.52.54,12,"Firefox on Windows",Disconnected
2025-08-04T10:31:44.538Z,worker-mdwz0dihqyezkktrf3a,123.49.52.54,12,"Firefox on Windows",Connected
2025-08-04T10:31:46.848Z,worker-mdwy64d753tw4ll8r22,123.49.52.54,12,"Firefox on Windows",Disconnected
2025-08-04T10:31:48.497Z,worker-mdwz0gkph1ng3k4pg8m,123.49.52.54,12,"Firefox on Windows",Connected
2025-08-04T10:31:50.331Z,worker-mdwy62xwf2abvcpo2ve,123.49.52.54,12,"Firefox on Windows",Disconnected
2025-08-04T10:31:51.643Z,worker-mdwz0izyk62cti4gtr,123.49.52.54,12,"Firefox on Windows",Connected
2025-08-04T10:32:25.252Z,worker-mdwz09ttmygzzx07kuq,123.49.52.54,12,"Firefox on Windows",Connected
2025-08-04T10:32:25.326Z,worker-mdwyz543vobws1xedr,123.49.52.54,8,"Chrome on Android",Connected
2025-08-04T10:32:25.328Z,worker-mdwyznn47shh0cairb7,123.49.52.54,8,"Firefox on Windows",Connected
2025-08-04T10:32:25.671Z,worker-mdwyz87v3v5tbugaokt,123.49.52.54,12,"Chrome on Windows",Connected
2025-08-04T10:32:25.776Z,worker-mdwyz54wb0ugs82oyl9,123.49.52.54,8,"Chrome on Android",Connected
2025-08-04T10:32:25.784Z,worker-mdwz0izyk62cti4gtr,123.49.52.54,12,"Firefox on Windows",Connected
2025-08-04T10:32:25.918Z,worker-mdwyzqz9mu1x1kpnir,123.49.52.54,8,"Firefox on Windows",Connected
2025-08-04T10:32:26.313Z,worker-mdwz0dihqyezkktrf3a,123.49.52.54,12,"Firefox on Windows",Connected
2025-08-04T10:32:26.496Z,worker-mdwyzks7z6fa5053qb,123.49.52.54,8,"Firefox on Windows",Connected
2025-08-04T10:32:26.852Z,worker-mdwz06rc4m60aktquzd,123.49.52.54,12,"Firefox on Windows",Connected
2025-08-04T10:32:27.095Z,worker-mdwyzm9b2xwl2jh6ym,123.49.52.54,8,"Firefox on Windows",Connected
2025-08-04T10:32:27.387Z,worker-mdwyzyunat4aovg43vr,123.49.52.54,12,"Firefox on Windows",Connected
2025-08-04T10:32:27.675Z,worker-mdwyzsiunfr9ykohwx7,123.49.52.54,8,"Firefox on Windows",Connected
2025-08-04T10:32:27.926Z,worker-mdwz0gkph1ng3k4pg8m,123.49.52.54,12,"Firefox on Windows",Connected
2025-08-04T10:32:28.461Z,worker-mdwz02nrvksaeu2mpkb,123.49.52.54,12,"Firefox on Windows",Connected
2025-08-04T10:36:19.808Z,worker-mdwyz54wb0ugs82oyl9,123.49.52.54,8,"Chrome on Android",Disconnected
2025-08-04T10:37:00.639Z,worker-mdwz75ne4mimkkbqbx,123.49.52.54,8,"Chrome on Android",Connected
2025-08-04T10:38:12.547Z,worker-mdwz75ne4mimkkbqbx,123.49.52.54,8,"Chrome on Android",Disconnected
2025-08-04T10:38:13.589Z,worker-mdwz8qlg6c5poesz9w6,123.49.52.54,8,"Chrome on Android",Connected
2025-08-04T10:38:30.453Z,worker-mdwz0izyk62cti4gtr,123.49.52.54,12,"Firefox on Windows",Disconnected
2025-08-04T10:38:31.953Z,worker-mdwz93vf068e4i40i8qo,123.49.52.54,12,"Firefox on Windows",Connected
2025-08-04T10:38:33.877Z,worker-mdwz93vf068e4i40i8qo,123.49.52.54,12,"Firefox on Windows",Disconnected
2025-08-04T10:38:34.693Z,worker-mdwz95zdc2f5jlno1t9,123.49.52.54,12,"Firefox on Windows",Connected
2025-08-04T10:38:40.495Z,worker-mdwz95zdc2f5jlno1t9,123.49.52.54,12,"Firefox on Windows",Disconnected
2025-08-04T10:38:41.297Z,worker-mdwz9b2tbdyv3m7loh6,123.49.52.54,12,"Firefox on Windows",Connected
2025-08-04T10:38:48.942Z,worker-mdwz09ttmygzzx07kuq,123.49.52.54,12,"Firefox on Windows",Disconnected
2025-08-04T10:38:49.751Z,worker-mdwz9hlrjq6gkmrqt7,123.49.52.54,12,"Firefox on Windows",Connected
2025-08-04T10:38:51.277Z,worker-mdwz9hlrjq6gkmrqt7,123.49.52.54,12,"Firefox on Windows",Disconnected
2025-08-04T10:38:52.061Z,worker-mdwz9jduq3yjxc0rdbc,123.49.52.54,12,"Firefox on Windows",Connected
2025-08-04T10:38:53.926Z,worker-mdwz9jduq3yjxc0rdbc,123.49.52.54,12,"Firefox on Windows",Disconnected
2025-08-04T10:38:54.713Z,worker-mdwz9lfi8b53wyety4b,123.49.52.54,12,"Firefox on Windows",Connected
2025-08-04T10:38:58.047Z,worker-mdwz06rc4m60aktquzd,123.49.52.54,12,"Firefox on Windows",Disconnected
2025-08-04T10:38:58.837Z,worker-mdwz9om4amtgs6rcs9c,123.49.52.54,12,"Firefox on Windows",Connected
2025-08-04T10:39:00.438Z,worker-mdwz9om4amtgs6rcs9c,123.49.52.54,12,"Firefox on Windows",Disconnected
2025-08-04T10:39:01.219Z,worker-mdwz9qg71c0es8qn9q7,123.49.52.54,12,"Firefox on Windows",Connected
2025-08-04T10:39:02.391Z,worker-mdwz9qg71c0es8qn9q7,123.49.52.54,12,"Firefox on Windows",Disconnected
2025-08-04T10:39:03.177Z,worker-mdwz9rycfo8clgepx4v,123.49.52.54,12,"Firefox on Windows",Connected
2025-08-04T10:39:08.886Z,worker-mdwz02nrvksaeu2mpkb,123.49.52.54,12,"Firefox on Windows",Disconnected
2025-08-04T10:39:09.680Z,worker-mdwz9wyzlop90qmbj3d,123.49.52.54,12,"Firefox on Windows",Connected
2025-08-04T10:39:10.446Z,worker-mdwz9wyzlop90qmbj3d,123.49.52.54,12,"Firefox on Windows",Disconnected
2025-08-04T10:39:11.230Z,worker-mdwz9y6ht9nw07b1s99,123.49.52.54,12,"Firefox on Windows",Connected
2025-08-04T10:39:13.574Z,worker-mdwz9y6ht9nw07b1s99,123.49.52.54,12,"Firefox on Windows",Disconnected
2025-08-04T10:39:14.384Z,worker-mdwza0l1aswlbuqnw0j,123.49.52.54,12,"Firefox on Windows",Connected
2025-08-04T10:39:20.486Z,worker-mdwyzyunat4aovg43vr,123.49.52.54,12,"Firefox on Windows",Disconnected
2025-08-04T10:39:21.266Z,worker-mdwza5x385ynkb2wmeu,123.49.52.54,12,"Firefox on Windows",Connected
2025-08-04T10:39:24.407Z,worker-mdwza5x385ynkb2wmeu,123.49.52.54,12,"Firefox on Windows",Disconnected
2025-08-04T10:39:25.183Z,worker-mdwza8xw84mqli3f9ud,123.49.52.54,12,"Firefox on Windows",Connected
2025-08-04T10:39:27.255Z,worker-mdwza8xw84mqli3f9ud,123.49.52.54,12,"Firefox on Windows",Disconnected
2025-08-04T10:39:28.035Z,worker-mdwzab545cw3vg3z8h,123.49.52.54,12,"Firefox on Windows",Connected
2025-08-04T10:39:38.844Z,worker-mdwyzsiunfr9ykohwx7,123.49.52.54,8,"Firefox on Windows",Disconnected
2025-08-04T10:39:40.249Z,worker-mdwzalq1gwodgrgmpmi,123.49.52.54,8,"Firefox on Windows",Connected
2025-08-04T10:39:41.733Z,worker-mdwzalq1gwodgrgmpmi,123.49.52.54,8,"Firefox on Windows",Disconnected
2025-08-04T10:39:42.593Z,worker-mdwzanlnpel2hxmgyx,123.49.52.54,8,"Firefox on Windows",Connected
2025-08-04T10:39:45.428Z,worker-mdwzanlnpel2hxmgyx,123.49.52.54,8,"Firefox on Windows",Disconnected
2025-08-04T10:39:46.310Z,worker-mdwzaqgg5hrfsti954h,123.49.52.54,8,"Firefox on Windows",Connected
2025-08-04T10:39:49.707Z,worker-mdwyzqz9mu1x1kpnir,123.49.52.54,8,"Firefox on Windows",Disconnected
2025-08-04T10:39:50.678Z,worker-mdwzatr4oobche34fuh,123.49.52.54,8,"Firefox on Windows",Connected
2025-08-04T10:39:53.539Z,worker-mdwzatr4oobche34fuh,123.49.52.54,8,"Firefox on Windows",Disconnected
2025-08-04T10:39:54.420Z,worker-mdwzawpuf5ostkkam5,123.49.52.54,8,"Firefox on Windows",Connected
2025-08-04T10:39:55.217Z,worker-mdwzawpuf5ostkkam5,123.49.52.54,8,"Firefox on Windows",Disconnected
2025-08-04T10:39:56.070Z,worker-mdwzay07qf5avjdfz2,123.49.52.54,8,"Firefox on Windows",Connected
2025-08-04T10:39:59.277Z,worker-mdwyznn47shh0cairb7,123.49.52.54,8,"Firefox on Windows",Disconnected
2025-08-04T10:40:00.123Z,worker-mdwzb14zp802qbw47zn,123.49.52.54,8,"Firefox on Windows",Connected
2025-08-04T10:40:01.772Z,worker-mdwzb14zp802qbw47zn,123.49.52.54,8,"Firefox on Windows",Disconnected
2025-08-04T10:40:02.692Z,worker-mdwzb324tvmff6b2fqg,123.49.52.54,8,"Firefox on Windows",Connected
2025-08-04T10:40:03.976Z,worker-mdwzb324tvmff6b2fqg,123.49.52.54,8,"Firefox on Windows",Disconnected
2025-08-04T10:40:04.878Z,worker-mdwzb4rnkkjpn1317ei,123.49.52.54,8,"Firefox on Windows",Connected
2025-08-04T10:40:09.444Z,worker-mdwyzm9b2xwl2jh6ym,123.49.52.54,8,"Firefox on Windows",Disconnected
2025-08-04T10:40:10.302Z,worker-mdwzb8za3q8vba2nxye,123.49.52.54,8,"Firefox on Windows",Connected
2025-08-04T10:40:12.379Z,worker-mdwzb8za3q8vba2nxye,123.49.52.54,8,"Firefox on Windows",Disconnected
2025-08-04T10:40:13.236Z,worker-mdwzbb8lsztl0ykfjbs,123.49.52.54,8,"Firefox on Windows",Connected
2025-08-04T10:40:14.480Z,worker-mdwzbb8lsztl0ykfjbs,123.49.52.54,8,"Firefox on Windows",Disconnected
2025-08-04T10:40:15.330Z,worker-mdwzbcuw8pn0sgpsi39,123.49.52.54,8,"Firefox on Windows",Connected
2025-08-04T10:40:15.897Z,worker-mdwzbcuw8pn0sgpsi39,123.49.52.54,8,"Firefox on Windows",Disconnected
2025-08-04T10:40:16.717Z,worker-mdwzbdxolcopwhykdpf,123.49.52.54,8,"Firefox on Windows",Connected
2025-08-04T10:40:17.681Z,worker-mdwzbdxolcopwhykdpf,123.49.52.54,8,"Firefox on Windows",Disconnected
2025-08-04T10:40:18.539Z,worker-mdwzbfcmsnz9k1ht3b,123.49.52.54,8,"Firefox on Windows",Connected
2025-08-04T10:40:20.448Z,worker-mdwzbfcmsnz9k1ht3b,123.49.52.54,8,"Firefox on Windows",Disconnected
2025-08-04T10:40:21.330Z,worker-mdwzbhhlmlubnspsfai,123.49.52.54,8,"Firefox on Windows",Connected
2025-08-04T10:40:25.503Z,worker-mdwyzks7z6fa5053qb,123.49.52.54,8,"Firefox on Windows",Disconnected
2025-08-04T10:40:26.371Z,worker-mdwzbldovgbuhdr7n3,123.49.52.54,8,"Firefox on Windows",Connected
2025-08-04T10:40:29.374Z,worker-mdwzbldovgbuhdr7n3,123.49.52.54,8,"Firefox on Windows",Disconnected
2025-08-04T10:40:30.230Z,worker-mdwzbocudgh1ylvneqn,123.49.52.54,8,"Firefox on Windows",Connected
2025-08-04T10:40:32.873Z,worker-mdwzbocudgh1ylvneqn,123.49.52.54,8,"Firefox on Windows",Disconnected
2025-08-04T10:40:33.783Z,worker-mdwzbr2kb5xey2pxvw,123.49.52.54,8,"Firefox on Windows",Connected
2025-08-04T10:43:27.378Z,worker-mdwyz543vobws1xedr,123.49.52.54,8,"Chrome on Android",Disconnected
2025-08-04T10:43:28.269Z,worker-mdwzfhnnex8sqhz7c66,123.49.52.54,8,"Chrome on Android",Connected
2025-08-04T10:43:28.398Z,worker-mdwz8qlg6c5poesz9w6,123.49.52.54,8,"Chrome on Android",Disconnected
2025-08-04T10:43:29.745Z,worker-mdwzfibje7uw8wvcvga,123.49.52.54,8,"Chrome on Android",Connected
2025-08-04T10:43:31.775Z,worker-mdwzfhnnex8sqhz7c66,123.49.52.54,8,"Chrome on Android",Disconnected
2025-08-04T10:43:32.691Z,worker-mdwzfkziau71f2xnaa,123.49.52.54,8,"Chrome on Android",Connected
2025-08-04T10:43:35.821Z,worker-mdwzfkziau71f2xnaa,123.49.52.54,8,"Chrome on Android",Disconnected
2025-08-04T10:43:36.765Z,worker-mdwzfo4fhc4ozzxsamb,123.49.52.54,8,"Chrome on Android",Connected
2025-08-04T10:43:45.377Z,worker-mdwzfo4fhc4ozzxsamb,123.49.52.54,8,"Chrome on Android",Disconnected
2025-08-04T10:43:46.331Z,worker-mdwzfvhtzktnprcwmbh,123.49.52.54,8,"Chrome on Android",Connected
2025-08-04T10:43:52.730Z,worker-mdwzfibje7uw8wvcvga,123.49.52.54,8,"Chrome on Android",Disconnected
2025-08-04T10:43:53.713Z,worker-mdwzg0yy24y5txwgyiq,123.49.52.54,8,"Chrome on Android",Connected
2025-08-04T10:43:55.529Z,worker-mdwzfvhtzktnprcwmbh,123.49.52.54,8,"Chrome on Android",Disconnected
2025-08-04T10:43:56.227Z,worker-mdwzg3byje782uf7mhf,123.49.52.54,8,"Chrome on Android",Connected
2025-08-04T10:43:57.586Z,worker-mdwzg0yy24y5txwgyiq,123.49.52.54,8,"Chrome on Android",Disconnected
2025-08-04T10:43:58.386Z,worker-mdwzg4odp3k341n0hw,123.49.52.54,8,"Chrome on Android",Connected
2025-08-04T10:44:01.764Z,worker-mdwzg3byje782uf7mhf,123.49.52.54,8,"Chrome on Android",Disconnected
2025-08-04T10:44:02.496Z,worker-mdwzg840mdh55wv35jk,123.49.52.54,8,"Chrome on Android",Connected
2025-08-04T10:50:33.755Z,worker-mdwyz87v3v5tbugaokt,202.40.184.247,12,"Chrome on Windows",Connected
2025-08-04T10:50:35.336Z,worker-mdwzb4rnkkjpn1317ei,202.40.184.247,8,"Firefox on Windows",Connected
2025-08-04T10:50:35.983Z,worker-mdwzay07qf5avjdfz2,202.40.184.247,8,"Firefox on Windows",Connected
2025-08-04T10:50:36.631Z,worker-mdwzbhhlmlubnspsfai,202.40.184.247,8,"Firefox on Windows",Connected
2025-08-04T10:50:37.386Z,worker-mdwzbr2kb5xey2pxvw,202.40.184.247,8,"Firefox on Windows",Connected
2025-08-04T10:50:38.222Z,worker-mdwzaqgg5hrfsti954h,202.40.184.247,8,"Firefox on Windows",Connected
2025-08-04T10:50:47.266Z,worker-mdwzab545cw3vg3z8h,202.40.184.247,12,"Firefox on Windows",Connected
2025-08-04T10:50:47.854Z,worker-mdwz0dihqyezkktrf3a,202.40.184.247,12,"Firefox on Windows",Connected
2025-08-04T10:50:48.435Z,worker-mdwz0gkph1ng3k4pg8m,202.40.184.247,12,"Firefox on Windows",Connected
2025-08-04T10:50:49.028Z,worker-mdwz9lfi8b53wyety4b,202.40.184.247,12,"Firefox on Windows",Connected
2025-08-04T10:50:49.607Z,worker-mdwza0l1aswlbuqnw0j,202.40.184.247,12,"Firefox on Windows",Connected
2025-08-04T10:50:50.192Z,worker-mdwz9rycfo8clgepx4v,202.40.184.247,12,"Firefox on Windows",Connected
2025-08-04T10:50:50.767Z,worker-mdwz9b2tbdyv3m7loh6,202.40.184.247,12,"Firefox on Windows",Connected
2025-08-04T10:52:25.430Z,worker-mdwzg840mdh55wv35jk,202.40.184.247,8,"Chrome on Android",Connected
2025-08-04T10:53:29.492Z,worker-mdwzg840mdh55wv35jk,202.40.184.247,8,"Chrome on Android",Disconnected
2025-08-04T10:56:38.753Z,worker-mdwzw4t9j2mfvw8rxhn,123.49.52.54,12,"Chrome on Windows",Connected
2025-08-04T10:56:48.206Z,worker-mdwzb4rnkkjpn1317ei,123.49.52.54,8,"Firefox on Windows",Connected
2025-08-04T10:56:48.794Z,worker-mdwzay07qf5avjdfz2,123.49.52.54,8,"Firefox on Windows",Connected
2025-08-04T10:56:49.395Z,worker-mdwzbr2kb5xey2pxvw,123.49.52.54,8,"Firefox on Windows",Connected
2025-08-04T10:56:49.863Z,worker-mdwz9b2tbdyv3m7loh6,123.49.52.54,12,"Firefox on Windows",Connected
2025-08-04T10:56:49.988Z,worker-mdwzbhhlmlubnspsfai,123.49.52.54,8,"Firefox on Windows",Connected
2025-08-04T10:56:50.398Z,worker-mdwz9rycfo8clgepx4v,123.49.52.54,12,"Firefox on Windows",Connected
2025-08-04T10:56:50.595Z,worker-mdwzaqgg5hrfsti954h,123.49.52.54,8,"Firefox on Windows",Connected
2025-08-04T10:56:50.935Z,worker-mdwz0gkph1ng3k4pg8m,123.49.52.54,12,"Firefox on Windows",Connected
2025-08-04T10:56:51.470Z,worker-mdwzab545cw3vg3z8h,123.49.52.54,12,"Firefox on Windows",Connected
2025-08-04T10:56:52.006Z,worker-mdwz9lfi8b53wyety4b,123.49.52.54,12,"Firefox on Windows",Connected
2025-08-04T10:56:52.541Z,worker-mdwza0l1aswlbuqnw0j,123.49.52.54,12,"Firefox on Windows",Connected
2025-08-04T10:56:53.075Z,worker-mdwz0dihqyezkktrf3a,123.49.52.54,12,"Firefox on Windows",Connected
2025-08-04T11:00:18.968Z,worker-mdx015mt11p2ezf4ta0p,123.49.52.54,8,"Chrome on Android",Connected
2025-08-04T11:00:23.907Z,worker-mdwzg4odp3k341n0hw,123.49.52.54,8,"Chrome on Android",Connected
2025-08-04T11:00:25.468Z,worker-mdwzg4odp3k341n0hw,123.49.52.54,8,"Chrome on Android",Disconnected
2025-08-04T11:00:26.479Z,worker-mdx01b4x2arvtnnqqfd,123.49.52.54,8,"Chrome on Android",Connected
2025-08-04T11:00:28.976Z,worker-mdx01b4x2arvtnnqqfd,123.49.52.54,8,"Chrome on Android",Disconnected
2025-08-04T11:00:29.681Z,worker-mdx01dn8k8jxdo079e,123.49.52.54,8,"Chrome on Android",Connected
2025-08-04T11:00:34.395Z,worker-mdx015mt11p2ezf4ta0p,123.49.52.54,8,"Chrome on Android",Disconnected
2025-08-04T11:00:35.086Z,worker-mdx01i1zlwwefuzrl0q,123.49.52.54,8,"Chrome on Android",Connected
2025-08-04T11:00:38.088Z,worker-mdx01i1zlwwefuzrl0q,123.49.52.54,8,"Chrome on Android",Disconnected
2025-08-04T11:00:38.730Z,worker-mdx01kvpnfeovwjv7gs,123.49.52.54,8,"Chrome on Android",Connected
2025-08-04T11:00:43.779Z,worker-mdx01kvpnfeovwjv7gs,123.49.52.54,8,"Chrome on Android",Disconnected
2025-08-04T11:00:44.415Z,worker-mdx01p9sbxjszcbgne5,123.49.52.54,8,"Chrome on Android",Connected
2025-08-04T11:00:59.376Z,worker-mdx01p9sbxjszcbgne5,123.49.52.54,8,"Chrome on Android",Disconnected
2025-08-04T11:01:25.073Z,worker-mdx02kkiqoronp7hfmk,123.49.52.54,8,"Chrome on Android",Connected
2025-08-04T11:01:26.978Z,worker-mdx02kkiqoronp7hfmk,123.49.52.54,8,"Chrome on Android",Disconnected
2025-08-04T11:01:27.760Z,worker-mdx02mpjwsjpk3kmnbr,123.49.52.54,8,"Chrome on Android",Connected
2025-08-04T11:01:30.033Z,worker-mdx01dn8k8jxdo079e,123.49.52.54,8,"Chrome on Android",Disconnected
2025-08-04T11:01:30.968Z,worker-mdx02oxf73rrz0d51p7,123.49.52.54,8,"Chrome on Android",Connected
2025-08-04T11:01:33.277Z,worker-mdx02oxf73rrz0d51p7,123.49.52.54,8,"Chrome on Android",Disconnected
2025-08-04T11:01:33.987Z,worker-mdx02r8z3xddqv04uwq,123.49.52.54,8,"Chrome on Android",Connected
2025-08-04T11:01:35.993Z,worker-mdx02mpjwsjpk3kmnbr,123.49.52.54,8,"Chrome on Android",Disconnected
2025-08-04T11:01:36.706Z,worker-mdx02tlqb8bcay4huwu,123.49.52.54,8,"Chrome on Android",Connected
2025-08-04T11:01:40.112Z,worker-mdx02tlqb8bcay4huwu,123.49.52.54,8,"Chrome on Android",Disconnected
2025-08-04T11:01:40.872Z,worker-mdx02wsbwibla09us1f,123.49.52.54,8,"Chrome on Android",Connected
2025-08-04T11:01:43.108Z,worker-mdx02wsbwibla09us1f,123.49.52.54,8,"Chrome on Android",Disconnected
2025-08-04T11:01:43.787Z,worker-mdx02z2tgq7sdp87y74,123.49.52.54,8,"Chrome on Android",Connected
2025-08-04T11:01:57.977Z,worker-mdwzab545cw3vg3z8h,123.49.52.54,12,"Firefox on Windows",Disconnected
2025-08-04T11:01:59.515Z,worker-mdx039x2fmx80qafjb7,123.49.52.54,12,"Firefox on Windows",Connected
2025-08-04T11:02:00.625Z,worker-mdx039x2fmx80qafjb7,123.49.52.54,12,"Firefox on Windows",Disconnected
2025-08-04T11:02:01.419Z,worker-mdx03bdw0dt29jwzgbin,123.49.52.54,12,"Firefox on Windows",Connected
2025-08-04T11:02:04.641Z,worker-mdx03bdw0dt29jwzgbin,123.49.52.54,12,"Firefox on Windows",Disconnected
2025-08-04T11:02:05.424Z,worker-mdx03eh6pqny137weu,123.49.52.54,12,"Firefox on Windows",Connected
2025-08-04T11:02:09.625Z,worker-mdwz9rycfo8clgepx4v,123.49.52.54,12,"Firefox on Windows",Disconnected
2025-08-04T11:02:10.406Z,worker-mdx03ibg3n1ggxjmcng,123.49.52.54,12,"Firefox on Windows",Connected
2025-08-04T11:02:12.026Z,worker-mdx03ibg3n1ggxjmcng,123.49.52.54,12,"Firefox on Windows",Disconnected
2025-08-04T11:02:12.805Z,worker-mdx03k65lkvgfde683l,123.49.52.54,12,"Firefox on Windows",Connected
2025-08-04T11:02:13.753Z,worker-mdx03k65lkvgfde683l,123.49.52.54,12,"Firefox on Windows",Disconnected
2025-08-04T11:02:14.527Z,worker-mdx03li5w40a7867iy,123.49.52.54,12,"Firefox on Windows",Connected
2025-08-04T11:02:17.001Z,worker-mdwz9lfi8b53wyety4b,123.49.52.54,12,"Firefox on Windows",Disconnected
2025-08-04T11:02:17.785Z,worker-mdx03o0i8xrbqzxr7rr,123.49.52.54,12,"Firefox on Windows",Connected
2025-08-04T11:02:18.506Z,worker-mdx03o0i8xrbqzxr7rr,123.49.52.54,12,"Firefox on Windows",Disconnected
2025-08-04T11:02:19.285Z,worker-mdx03p6aoz7w4y61sw,123.49.52.54,12,"Firefox on Windows",Connected
2025-08-04T11:02:20.273Z,worker-mdx03p6aoz7w4y61sw,123.49.52.54,12,"Firefox on Windows",Disconnected
2025-08-04T11:02:21.060Z,worker-mdx03qjcg7mhv14dns,123.49.52.54,12,"Firefox on Windows",Connected
2025-08-04T11:02:23.817Z,worker-mdwz0dihqyezkktrf3a,123.49.52.54,12,"Firefox on Windows",Disconnected
2025-08-04T11:02:24.606Z,worker-mdx03t9xons5rbux15q,123.49.52.54,12,"Firefox on Windows",Connected
2025-08-04T11:02:26.706Z,worker-mdx03t9xons5rbux15q,123.49.52.54,12,"Firefox on Windows",Disconnected
2025-08-04T11:02:27.494Z,worker-mdx03vibs4xwncq68sp,123.49.52.54,12,"Firefox on Windows",Connected
2025-08-04T11:02:28.497Z,worker-mdx03vibs4xwncq68sp,123.49.52.54,12,"Firefox on Windows",Disconnected
2025-08-04T11:02:29.293Z,worker-mdx03wvxnwujdh53spb,123.49.52.54,12,"Firefox on Windows",Connected
2025-08-04T11:02:32.338Z,worker-mdwz0gkph1ng3k4pg8m,123.49.52.54,12,"Firefox on Windows",Disconnected
2025-08-04T11:02:33.124Z,worker-mdx03zull40sxfwqhnk,123.49.52.54,12,"Firefox on Windows",Connected
2025-08-04T11:02:33.745Z,worker-mdx03zull40sxfwqhnk,123.49.52.54,12,"Firefox on Windows",Disconnected
2025-08-04T11:02:34.521Z,worker-mdx040xi5duwtsdzv1,123.49.52.54,12,"Firefox on Windows",Connected
2025-08-04T11:02:36.265Z,worker-mdx040xi5duwtsdzv1,123.49.52.54,12,"Firefox on Windows",Disconnected
2025-08-04T11:02:37.040Z,worker-mdx042vhx87ajmv4sl,123.49.52.54,12,"Firefox on Windows",Connected
2025-08-04T11:02:40.313Z,worker-mdwz9b2tbdyv3m7loh6,123.49.52.54,12,"Firefox on Windows",Disconnected
2025-08-04T11:02:41.095Z,worker-mdx04600ewz9ep1fke,123.49.52.54,12,"Firefox on Windows",Connected
2025-08-04T11:02:43.092Z,worker-mdx04600ewz9ep1fke,123.49.52.54,12,"Firefox on Windows",Disconnected
2025-08-04T11:02:43.874Z,worker-mdx04858t210bnljwm,123.49.52.54,12,"Firefox on Windows",Connected
2025-08-04T11:02:45.850Z,worker-mdx04858t210bnljwm,123.49.52.54,12,"Firefox on Windows",Disconnected
2025-08-04T11:02:46.643Z,worker-mdx04a9tgqskh3l5pmw,123.49.52.54,12,"Firefox on Windows",Connected
2025-08-04T11:02:53.369Z,worker-mdwzbr2kb5xey2pxvw,123.49.52.54,8,"Firefox on Windows",Disconnected
2025-08-04T11:02:54.638Z,worker-mdx04hp0c12a44jn3u,123.49.52.54,8,"Firefox on Windows",Connected
2025-08-04T11:02:56.418Z,worker-mdx04hp0c12a44jn3u,123.49.52.54,8,"Firefox on Windows",Disconnected
2025-08-04T11:02:57.300Z,worker-mdx04jqksuar62ghckp,123.49.52.54,8,"Firefox on Windows",Connected
2025-08-04T11:02:59.274Z,worker-mdx04jqksuar62ghckp,123.49.52.54,8,"Firefox on Windows",Disconnected
2025-08-04T11:03:00.140Z,worker-mdx04lycg80ds2oejla,123.49.52.54,8,"Firefox on Windows",Connected
2025-08-04T11:03:05.246Z,worker-mdwzb4rnkkjpn1317ei,123.49.52.54,8,"Firefox on Windows",Disconnected
2025-08-04T11:03:06.102Z,worker-mdx04qk7we371siurz,123.49.52.54,8,"Firefox on Windows",Connected
2025-08-04T11:03:08.202Z,worker-mdx04qk7we371siurz,123.49.52.54,8,"Firefox on Windows",Disconnected
2025-08-04T11:03:09.076Z,worker-mdx04su73rpzc0vjdal,123.49.52.54,8,"Firefox on Windows",Connected
2025-08-04T11:03:10.219Z,worker-mdx04su73rpzc0vjdal,123.49.52.54,8,"Firefox on Windows",Disconnected
2025-08-04T11:03:11.128Z,worker-mdx04uebx6lwjfvohx,123.49.52.54,8,"Firefox on Windows",Connected
2025-08-04T11:03:15.304Z,worker-mdwzaqgg5hrfsti954h,123.49.52.54,8,"Firefox on Windows",Disconnected
2025-08-04T11:03:16.158Z,worker-mdx04ybbm5n5s51ecqc,123.49.52.54,8,"Firefox on Windows",Connected
2025-08-04T11:03:17.304Z,worker-mdx04ybbm5n5s51ecqc,123.49.52.54,8,"Firefox on Windows",Disconnected
2025-08-04T11:03:18.162Z,worker-mdx04zumvz3yrghrbj7,123.49.52.54,8,"Firefox on Windows",Connected
2025-08-04T11:03:19.329Z,worker-mdx04zumvz3yrghrbj7,123.49.52.54,8,"Firefox on Windows",Disconnected
2025-08-04T11:03:20.227Z,worker-mdx051evbff590hvyc4,123.49.52.54,8,"Firefox on Windows",Connected
2025-08-04T11:07:17.397Z,worker-mdwzw4t9j2mfvw8rxhn,123.49.52.54,12,"Chrome on Windows",Disconnected
2025-08-04T11:07:18.061Z,worker-mdx0a3p99j2pnwzwt7,123.49.52.54,12,"Chrome on Windows",Connected
2025-08-04T11:07:19.840Z,worker-mdx0a3p99j2pnwzwt7,123.49.52.54,12,"Chrome on Windows",Disconnected
2025-08-04T11:07:20.446Z,worker-mdx0a5jnb7zf9bage4o,123.49.52.54,12,"Chrome on Windows",Connected
2025-08-04T11:07:33.071Z,worker-mdx02z2tgq7sdp87y74,123.49.52.54,8,"Chrome on Android",Disconnected
2025-08-04T11:07:33.074Z,worker-mdx02r8z3xddqv04uwq,123.49.52.54,8,"Chrome on Android",Disconnected
2025-08-04T11:15:07.847Z,worker-mdx0a5jnb7zf9bage4o,123.49.52.54,12,"Chrome on Windows",Connected
2025-08-04T11:15:25.200Z,worker-mdx03wvxnwujdh53spb,123.49.52.54,12,"Firefox on Windows",Connected
2025-08-04T11:15:25.749Z,worker-mdx03li5w40a7867iy,123.49.52.54,12,"Firefox on Windows",Connected
2025-08-04T11:15:26.281Z,worker-mdx03eh6pqny137weu,123.49.52.54,12,"Firefox on Windows",Connected
2025-08-04T11:15:26.816Z,worker-mdwza0l1aswlbuqnw0j,123.49.52.54,12,"Firefox on Windows",Connected
2025-08-04T11:15:27.352Z,worker-mdx04a9tgqskh3l5pmw,123.49.52.54,12,"Firefox on Windows",Connected
2025-08-04T11:15:27.734Z,worker-mdx02r8z3xddqv04uwq,202.40.184.247,8,"Chrome on Android",Connected
2025-08-04T11:15:27.889Z,worker-mdx03qjcg7mhv14dns,123.49.52.54,12,"Firefox on Windows",Connected
2025-08-04T11:15:28.424Z,worker-mdx042vhx87ajmv4sl,123.49.52.54,12,"Firefox on Windows",Connected
2025-08-04T11:15:28.997Z,worker-mdx02z2tgq7sdp87y74,202.40.184.247,8,"Chrome on Android",Connected
2025-08-04T11:15:46.362Z,worker-mdwzay07qf5avjdfz2,202.40.184.247,8,"Firefox on Windows",Connected
2025-08-04T11:15:47.101Z,worker-mdx04uebx6lwjfvohx,202.40.184.247,8,"Firefox on Windows",Connected
2025-08-04T11:15:47.813Z,worker-mdx04lycg80ds2oejla,202.40.184.247,8,"Firefox on Windows",Connected
2025-08-04T11:15:48.457Z,worker-mdwzbhhlmlubnspsfai,202.40.184.247,8,"Firefox on Windows",Connected
2025-08-04T11:15:49.192Z,worker-mdx051evbff590hvyc4,202.40.184.247,8,"Firefox on Windows",Connected
2025-08-04T11:18:28.707Z,worker-mdx04a9tgqskh3l5pmw,123.49.52.54,12,"Firefox on Windows",Disconnected
2025-08-04T11:18:29.881Z,worker-mdx0oi1hehq3okf4094,123.49.52.54,12,"Firefox on Windows",Connected
2025-08-04T11:18:32.761Z,worker-mdx042vhx87ajmv4sl,123.49.52.54,12,"Firefox on Windows",Disconnected
2025-08-04T11:18:33.540Z,worker-mdx0okvybxix8hx31dn,123.49.52.54,12,"Firefox on Windows",Connected
2025-08-04T11:18:34.714Z,worker-mdx0okvybxix8hx31dn,123.49.52.54,12,"Firefox on Windows",Disconnected
2025-08-04T11:18:35.499Z,worker-mdx0ome8s9hxsmd3q1a,123.49.52.54,12,"Firefox on Windows",Connected
2025-08-04T11:18:37.106Z,worker-mdx0ome8s9hxsmd3q1a,123.49.52.54,12,"Firefox on Windows",Disconnected
2025-08-04T11:18:37.890Z,worker-mdx0oo8tsmeuc7vfuz,123.49.52.54,12,"Firefox on Windows",Connected
2025-08-04T11:18:41.041Z,worker-mdx03wvxnwujdh53spb,123.49.52.54,12,"Firefox on Windows",Disconnected
2025-08-04T11:18:41.815Z,worker-mdx0or9xei0st4ygk0u,123.49.52.54,12,"Firefox on Windows",Connected
2025-08-04T11:18:43.209Z,worker-mdx0or9xei0st4ygk0u,123.49.52.54,12,"Firefox on Windows",Disconnected
2025-08-04T11:18:43.993Z,worker-mdx0osy6r96fkb9pp6,123.49.52.54,12,"Firefox on Windows",Connected
2025-08-04T11:18:45.290Z,worker-mdx0osy6r96fkb9pp6,123.49.52.54,12,"Firefox on Windows",Disconnected
2025-08-04T11:18:46.085Z,worker-mdx0oukgi5ouiccpgxf,123.49.52.54,12,"Firefox on Windows",Connected
2025-08-04T11:18:48.705Z,worker-mdx03qjcg7mhv14dns,123.49.52.54,12,"Firefox on Windows",Disconnected
2025-08-04T11:18:49.495Z,worker-mdx0ox706xir6vykyx7,123.49.52.54,12,"Firefox on Windows",Connected
2025-08-04T11:18:50.298Z,worker-mdx0ox706xir6vykyx7,123.49.52.54,12,"Firefox on Windows",Disconnected
2025-08-04T11:18:51.073Z,worker-mdx0oyf32m5701ooi7u,123.49.52.54,12,"Firefox on Windows",Connected
2025-08-04T11:18:52.393Z,worker-mdx0oyf32m5701ooi7u,123.49.52.54,12,"Firefox on Windows",Disconnected
2025-08-04T11:18:53.183Z,worker-mdx0p01fnqx4wa7mz5,123.49.52.54,12,"Firefox on Windows",Connected
2025-08-04T11:18:55.202Z,worker-mdx03li5w40a7867iy,123.49.52.54,12,"Firefox on Windows",Disconnected
2025-08-04T11:18:55.990Z,worker-mdx0p27hinen2p4n7zc,123.49.52.54,12,"Firefox on Windows",Connected
2025-08-04T11:18:57.081Z,worker-mdx0p27hinen2p4n7zc,123.49.52.54,12,"Firefox on Windows",Disconnected
2025-08-04T11:18:57.857Z,worker-mdx0p3ngol4nr6qer4f,123.49.52.54,12,"Firefox on Windows",Connected
2025-08-04T11:18:58.946Z,worker-mdx0p3ngol4nr6qer4f,123.49.52.54,12,"Firefox on Windows",Disconnected
2025-08-04T11:18:59.722Z,worker-mdx0p53bugnk2neshj,123.49.52.54,12,"Firefox on Windows",Connected
2025-08-04T11:19:01.377Z,worker-mdwza0l1aswlbuqnw0j,123.49.52.54,12,"Firefox on Windows",Disconnected
2025-08-04T11:19:02.149Z,worker-mdx0p6yrbq2ube9prak,123.49.52.54,12,"Firefox on Windows",Connected
2025-08-04T11:19:02.937Z,worker-mdx0p6yrbq2ube9prak,123.49.52.54,12,"Firefox on Windows",Disconnected
2025-08-04T11:19:03.722Z,worker-mdx0p868nlqwa390mns,123.49.52.54,12,"Firefox on Windows",Connected
2025-08-04T11:19:05.707Z,worker-mdx0p868nlqwa390mns,123.49.52.54,12,"Firefox on Windows",Disconnected
2025-08-04T11:19:06.490Z,worker-mdx0pab7ioz8tq6d76a,123.49.52.54,12,"Firefox on Windows",Connected
2025-08-04T11:19:07.975Z,worker-mdx03eh6pqny137weu,123.49.52.54,12,"Firefox on Windows",Disconnected
2025-08-04T11:19:08.751Z,worker-mdx0pc21v6zd0f3zvqo,123.49.52.54,12,"Firefox on Windows",Connected
2025-08-04T11:19:09.594Z,worker-mdx0pc21v6zd0f3zvqo,123.49.52.54,12,"Firefox on Windows",Disconnected
2025-08-04T11:19:10.377Z,worker-mdx0pdb9tyf7hq0f37a,123.49.52.54,12,"Firefox on Windows",Connected
2025-08-04T11:19:11.537Z,worker-mdx0pdb9tyf7hq0f37a,123.49.52.54,12,"Firefox on Windows",Disconnected
2025-08-04T11:19:12.344Z,worker-mdx0petd7ta1hnoeysv,123.49.52.54,12,"Firefox on Windows",Connected
2025-08-04T11:26:07.541Z,worker-mdx02r8z3xddqv04uwq,202.40.184.247,8,"Chrome on Android",Disconnected
2025-08-04T11:27:07.541Z,worker-mdx02z2tgq7sdp87y74,202.40.184.247,8,"Chrome on Android",Disconnected
2025-08-04T11:35:49.871Z,worker-mdx0a5jnb7zf9bage4o,202.40.184.247,12,"Chrome on Windows",Connected
2025-08-04T11:35:54.915Z,worker-mdx0oo8tsmeuc7vfuz,202.40.184.247,12,"Firefox on Windows",Connected
2025-08-04T11:35:56.352Z,worker-mdx0p53bugnk2neshj,202.40.184.247,12,"Firefox on Windows",Connected
2025-08-04T11:35:57.761Z,worker-mdx0oukgi5ouiccpgxf,202.40.184.247,12,"Firefox on Windows",Connected
2025-08-04T11:35:59.238Z,worker-mdx0p01fnqx4wa7mz5,202.40.184.247,12,"Firefox on Windows",Connected
2025-08-04T11:36:00.455Z,worker-mdx0petd7ta1hnoeysv,202.40.184.247,12,"Firefox on Windows",Connected
2025-08-04T11:36:01.033Z,worker-mdx0oi1hehq3okf4094,202.40.184.247,12,"Firefox on Windows",Connected
2025-08-04T11:36:02.245Z,worker-mdx0pab7ioz8tq6d76a,202.40.184.247,12,"Firefox on Windows",Connected
2025-08-04T11:36:22.252Z,worker-mdx04lycg80ds2oejla,202.40.184.247,8,"Firefox on Windows",Connected
2025-08-04T11:36:22.880Z,worker-mdx051evbff590hvyc4,202.40.184.247,8,"Firefox on Windows",Connected
2025-08-04T11:36:23.512Z,worker-mdwzay07qf5avjdfz2,202.40.184.247,8,"Firefox on Windows",Connected
2025-08-04T11:36:24.167Z,worker-mdwzbhhlmlubnspsfai,202.40.184.247,8,"Firefox on Windows",Connected
2025-08-04T11:36:24.808Z,worker-mdx04uebx6lwjfvohx,202.40.184.247,8,"Firefox on Windows",Connected
2025-08-04T11:36:42.352Z,worker-mdx02z2tgq7sdp87y74,202.40.184.247,8,"Chrome on Android",Connected
2025-08-04T11:36:46.281Z,worker-mdx02z2tgq7sdp87y74,202.40.184.247,8,"Chrome on Android",Disconnected
2025-08-04T11:36:47.095Z,worker-mdx1c1yo1770ffwhmsu,202.40.184.247,8,"Chrome on Android",Connected
2025-08-04T11:36:53.360Z,worker-mdx1c64pjloiwgnw8y,202.40.184.247,8,"Chrome on Android",Connected
2025-08-04T11:36:57.602Z,worker-mdx0petd7ta1hnoeysv,202.40.184.247,12,"Firefox on Windows",Disconnected
2025-08-04T11:36:58.835Z,worker-mdx1c9o6y4xchhb9a2a,202.40.184.247,12,"Firefox on Windows",Connected
2025-08-04T11:36:59.750Z,worker-mdx0pab7ioz8tq6d76a,202.40.184.247,12,"Firefox on Windows",Disconnected
2025-08-04T11:37:00.590Z,worker-mdx1cb18bhmyr117iut,202.40.184.247,12,"Firefox on Windows",Connected
2025-08-04T11:37:01.158Z,worker-mdx0p53bugnk2neshj,202.40.184.247,12,"Firefox on Windows",Disconnected
2025-08-04T11:37:02.006Z,worker-mdx1cc4g1gzzpbn213y,202.40.184.247,12,"Firefox on Windows",Connected
2025-08-04T11:37:02.703Z,worker-mdx0p01fnqx4wa7mz5,202.40.184.247,12,"Firefox on Windows",Disconnected
2025-08-04T11:37:03.542Z,worker-mdx1cdbbvxgql6o792h,202.40.184.247,12,"Firefox on Windows",Connected
2025-08-04T11:37:04.246Z,worker-mdx0oukgi5ouiccpgxf,202.40.184.247,12,"Firefox on Windows",Disconnected
2025-08-04T11:37:05.087Z,worker-mdx1cei64a0drj6vxb3,202.40.184.247,12,"Firefox on Windows",Connected
2025-08-04T11:37:05.855Z,worker-mdx0oo8tsmeuc7vfuz,202.40.184.247,12,"Firefox on Windows",Disconnected
2025-08-04T11:37:06.709Z,worker-mdx1cfr1hv8jwsw7aa,202.40.184.247,12,"Firefox on Windows",Connected
2025-08-04T11:37:07.663Z,worker-mdx0oi1hehq3okf4094,202.40.184.247,12,"Firefox on Windows",Disconnected
2025-08-04T11:37:08.501Z,worker-mdx1ch51dq4eiwksxra,202.40.184.247,12,"Firefox on Windows",Connected
2025-08-04T11:37:18.485Z,worker-mdx051evbff590hvyc4,202.40.184.247,8,"Firefox on Windows",Disconnected
2025-08-04T11:37:20.175Z,worker-mdwzay07qf5avjdfz2,202.40.184.247,8,"Firefox on Windows",Disconnected
2025-08-04T11:37:20.479Z,worker-mdx1crp2vm6d0l4qc99,202.40.184.247,8,"Firefox on Windows",Connected
2025-08-04T11:37:21.096Z,worker-mdx1cs5di06uwakm1ko,202.40.184.247,8,"Firefox on Windows",Connected
2025-08-04T11:37:22.049Z,worker-mdx04uebx6lwjfvohx,202.40.184.247,8,"Firefox on Windows",Disconnected
2025-08-04T11:37:22.964Z,worker-mdx1ctl83d1be40n8z9,202.40.184.247,8,"Firefox on Windows",Connected
2025-08-04T11:37:23.425Z,worker-mdwzbhhlmlubnspsfai,202.40.184.247,8,"Firefox on Windows",Disconnected
2025-08-04T11:37:24.353Z,worker-mdx1cunsvey9o6l7y1,202.40.184.247,8,"Firefox on Windows",Connected
2025-08-04T11:37:25.175Z,worker-mdx04lycg80ds2oejla,202.40.184.247,8,"Firefox on Windows",Disconnected
2025-08-04T11:37:26.150Z,worker-mdx1cw18y71uqtpye1a,202.40.184.247,8,"Firefox on Windows",Connected
2025-08-04T11:37:48.595Z,worker-mdx1c64pjloiwgnw8y,202.40.184.247,8,"Chrome on Android",Disconnected
2025-08-04T11:42:18.615Z,worker-mdx1c1yo1770ffwhmsu,202.40.184.247,8,"Chrome on Android",Disconnected
2025-08-04T11:43:53.568Z,worker-mdx1c1yo1770ffwhmsu,202.40.184.247,8,"Chrome on Android",Connected
2025-08-04T11:44:21.091Z,worker-mdx1lrx51yqyz65dqyp,202.40.184.247,8,"Chrome on Android",Connected
2025-08-04T11:49:18.621Z,worker-mdx1c1yo1770ffwhmsu,202.40.184.247,8,"Chrome on Android",Disconnected
2025-08-04T11:49:48.621Z,worker-mdx1lrx51yqyz65dqyp,202.40.184.247,8,"Chrome on Android",Disconnected
2025-08-04T11:51:23.393Z,worker-mdx1c1yo1770ffwhmsu,202.40.184.247,8,"Chrome on Android",Connected
2025-08-04T11:51:48.041Z,worker-mdx1c1yo1770ffwhmsu,202.40.184.247,8,"Chrome on Android",Disconnected
2025-08-04T12:10:28.721Z,worker-mdx1lrx51yqyz65dqyp,202.40.184.247,8,"Chrome on Android",Connected
2025-08-04T12:10:28.932Z,worker-mdx1c1yo1770ffwhmsu,202.40.184.247,8,"Chrome on Android",Connected
2025-08-04T12:12:48.639Z,worker-mdx1lrx51yqyz65dqyp,202.40.184.247,8,"Chrome on Android",Disconnected
2025-08-04T12:13:48.639Z,worker-mdx1c1yo1770ffwhmsu,202.40.184.247,8,"Chrome on Android",Disconnected
2025-08-04T12:14:18.554Z,worker-mdw2vvas8yndas57g55,160.202.144.166,4,"Chrome on Windows",Connected
2025-08-04T12:14:19.608Z,worker-mdw2vzjq4zhqn5iyo3b,160.202.144.166,4,"Chrome on Windows",Connected
2025-08-04T12:14:20.379Z,worker-mdw2vxgkv62sap1qodd,160.202.144.166,4,"Chrome on Windows",Connected
2025-08-04T12:14:20.983Z,worker-mdw2vn4pjy9gbcv9ve,160.202.144.166,4,"Chrome on Windows",Connected
2025-08-04T12:14:53.554Z,worker-mdw2vzjq4zhqn5iyo3b,160.202.144.166,4,"Chrome on Windows",Disconnected
2025-08-04T12:14:53.555Z,worker-mdw2vn4pjy9gbcv9ve,160.202.144.166,4,"Chrome on Windows",Disconnected
2025-08-04T12:14:53.557Z,worker-mdw2vxgkv62sap1qodd,160.202.144.166,4,"Chrome on Windows",Disconnected
2025-08-04T12:14:53.558Z,worker-mdw2vvas8yndas57g55,160.202.144.166,4,"Chrome on Windows",Disconnected
2025-08-04T12:59:18.674Z,worker-mdx1cw18y71uqtpye1a,202.40.184.247,8,"Firefox on Windows",Disconnected
2025-08-04T12:59:18.674Z,worker-mdx1cunsvey9o6l7y1,202.40.184.247,8,"Firefox on Windows",Disconnected
2025-08-04T12:59:18.674Z,worker-mdx1ctl83d1be40n8z9,202.40.184.247,8,"Firefox on Windows",Disconnected
2025-08-04T12:59:18.674Z,worker-mdx1cs5di06uwakm1ko,202.40.184.247,8,"Firefox on Windows",Disconnected
2025-08-04T12:59:18.674Z,worker-mdx1crp2vm6d0l4qc99,202.40.184.247,8,"Firefox on Windows",Disconnected
2025-08-04T13:18:11.872Z,worker-mdx1c1yo1770ffwhmsu,103.230.106.34,8,"Chrome on Android",Connected
2025-08-04T13:23:12.587Z,worker-mdw2vn4pjy9gbcv9ve,160.202.144.166,4,"Chrome on Windows",Connected
2025-08-04T13:23:14.066Z,worker-mdw2vxgkv62sap1qodd,160.202.144.166,4,"Chrome on Windows",Connected
2025-08-04T13:23:15.262Z,worker-mdw2vzjq4zhqn5iyo3b,160.202.144.166,4,"Chrome on Windows",Connected
2025-08-04T13:23:16.939Z,worker-mdw2vvas8yndas57g55,160.202.144.166,4,"Chrome on Windows",Connected
2025-08-04T13:24:10.778Z,worker-mdw2vxgkv62sap1qodd,160.202.144.166,4,"Chrome on Windows",Disconnected
2025-08-04T13:24:10.780Z,worker-mdw2vvas8yndas57g55,160.202.144.166,4,"Chrome on Windows",Disconnected
2025-08-04T13:24:10.780Z,worker-mdw2vn4pjy9gbcv9ve,160.202.144.166,4,"Chrome on Windows",Disconnected
2025-08-04T13:24:10.781Z,worker-mdw2vzjq4zhqn5iyo3b,160.202.144.166,4,"Chrome on Windows",Disconnected
2025-08-04T13:43:53.147Z,worker-mdx1c1yo1770ffwhmsu,103.230.106.34,8,"Chrome on Android",Disconnected
2025-08-04T15:55:42.324Z,worker-mdw2vvas8yndas57g55,160.202.144.166,4,"Chrome on Windows",Connected
2025-08-04T15:55:43.005Z,worker-mdw2vzjq4zhqn5iyo3b,160.202.144.166,4,"Chrome on Windows",Connected
2025-08-04T15:55:44.237Z,worker-mdw2vvas8yndas57g55,160.202.144.166,4,"Chrome on Windows",Disconnected
2025-08-04T15:55:44.238Z,worker-mdw2vzjq4zhqn5iyo3b,160.202.144.166,4,"Chrome on Windows",Disconnected
2025-08-04T16:21:35.835Z,worker-mdxbibtxg8vv1082w5v,52.43.170.135,4,"Chrome on Android",Connected
2025-08-04T16:21:41.442Z,worker-mdxbibtxg8vv1082w5v,52.43.170.135,4,"Chrome on Android",Disconnected
2025-08-05T04:48:04.727Z,worker-mdw2vzjq4zhqn5iyo3b,160.202.144.166,4,"Chrome on Windows",Connected
2025-08-05T04:48:05.478Z,worker-mdw2vn4pjy9gbcv9ve,160.202.144.166,4,"Chrome on Windows",Connected
2025-08-05T04:48:08.223Z,worker-mdw2vvas8yndas57g55,160.202.144.166,4,"Chrome on Windows",Connected
2025-08-05T04:48:09.126Z,worker-mdw2vxgkv62sap1qodd,160.202.144.166,4,"Chrome on Windows",Connected
2025-08-05T05:36:49.388Z,worker-mdw2vxgkv62sap1qodd,160.202.144.166,4,"Chrome on Windows",Disconnected
2025-08-05T05:36:49.388Z,worker-mdw2vvas8yndas57g55,160.202.144.166,4,"Chrome on Windows",Disconnected
2025-08-05T05:36:49.388Z,worker-mdw2vn4pjy9gbcv9ve,160.202.144.166,4,"Chrome on Windows",Disconnected
2025-08-05T05:36:49.388Z,worker-mdw2vzjq4zhqn5iyo3b,160.202.144.166,4,"Chrome on Windows",Disconnected
2025-08-05T05:39:42.515Z,worker-mdw2vzjq4zhqn5iyo3b,160.202.144.166,4,"Chrome on Windows",Connected
2025-08-05T05:39:44.063Z,worker-mdw2vn4pjy9gbcv9ve,160.202.144.166,4,"Chrome on Windows",Connected
2025-08-05T05:39:44.859Z,worker-mdw2vvas8yndas57g55,160.202.144.166,4,"Chrome on Windows",Connected
2025-08-05T05:39:45.783Z,worker-mdw2vxgkv62sap1qodd,160.202.144.166,4,"Chrome on Windows",Connected
2025-08-05T05:48:35.514Z,worker-mdw2vxgkv62sap1qodd,160.202.144.166,4,"Chrome on Windows",Disconnected
2025-08-05T05:48:35.515Z,worker-mdw2vn4pjy9gbcv9ve,160.202.144.166,4,"Chrome on Windows",Disconnected
2025-08-05T05:48:35.519Z,worker-mdw2vvas8yndas57g55,160.202.144.166,4,"Chrome on Windows",Disconnected
2025-08-05T05:48:35.520Z,worker-mdw2vzjq4zhqn5iyo3b,160.202.144.166,4,"Chrome on Windows",Disconnected
2025-08-05T06:20:05.623Z,worker-mdw5apv6yf20s8i2y2a,160.202.144.166,8,"Chrome on Windows",Connected
2025-08-05T06:50:59.956Z,worker-mdw2vxgkv62sap1qodd,160.202.144.166,4,"Chrome on Windows",Connected
2025-08-05T06:51:02.412Z,worker-mdw2vn4pjy9gbcv9ve,160.202.144.166,4,"Chrome on Windows",Connected
2025-08-05T06:51:02.833Z,worker-mdw2vvas8yndas57g55,160.202.144.166,4,"Chrome on Windows",Connected
2025-08-05T06:51:03.688Z,worker-mdw2vzjq4zhqn5iyo3b,160.202.144.166,4,"Chrome on Windows",Connected
2025-08-05T07:25:45.577Z,worker-mdy7t37oubiqjx8ayen,54.190.68.243,4,"Chrome on macOS",Connected
2025-08-05T07:25:51.813Z,worker-mdy7t37oubiqjx8ayen,54.190.68.243,4,"Chrome on macOS",Disconnected
2025-08-05T07:38:15.194Z,worker-mdw2vn4pjy9gbcv9ve,160.202.144.166,4,"Chrome on Windows",Disconnected
2025-08-05T07:38:16.883Z,worker-mdw2vzjq4zhqn5iyo3b,160.202.144.166,4,"Chrome on Windows",Disconnected
2025-08-05T07:38:17.466Z,worker-mdw2vxgkv62sap1qodd,160.202.144.166,4,"Chrome on Windows",Disconnected
2025-08-05T07:38:18.484Z,worker-mdw2vvas8yndas57g55,160.202.144.166,4,"Chrome on Windows",Disconnected
2025-08-05T07:48:14.985Z,worker-mdx1cs5di06uwakm1ko,160.202.144.166,8,"Firefox on Windows",Connected
2025-08-05T07:48:15.819Z,worker-mdx1ctl83d1be40n8z9,160.202.144.166,8,"Firefox on Windows",Connected
2025-08-05T07:48:16.410Z,worker-mdx1cunsvey9o6l7y1,160.202.144.166,8,"Firefox on Windows",Connected
2025-08-05T07:49:37.568Z,worker-mdx1cs5di06uwakm1ko,160.202.144.166,8,"Firefox on Windows",Connected
2025-08-05T07:49:38.150Z,worker-mdx1ctl83d1be40n8z9,160.202.144.166,8,"Firefox on Windows",Connected
2025-08-05T07:49:38.719Z,worker-mdx1cunsvey9o6l7y1,160.202.144.166,8,"Firefox on Windows",Connected
2025-08-05T07:50:19.489Z,worker-mdx1cs5di06uwakm1ko,160.202.144.166,8,"Firefox on Windows",Disconnected
2025-08-05T07:50:19.489Z,worker-mdx1cunsvey9o6l7y1,160.202.144.166,8,"Firefox on Windows",Disconnected
2025-08-05T07:50:19.489Z,worker-mdx1ctl83d1be40n8z9,160.202.144.166,8,"Firefox on Windows",Disconnected
2025-08-05T07:51:25.290Z,worker-mdx1cunsvey9o6l7y1,160.202.144.166,8,"Firefox on Windows",Connected
2025-08-05T07:51:25.901Z,worker-mdx1ctl83d1be40n8z9,160.202.144.166,8,"Firefox on Windows",Connected
2025-08-05T07:51:26.467Z,worker-mdx1cs5di06uwakm1ko,160.202.144.166,8,"Firefox on Windows",Connected
2025-08-05T07:59:12.866Z,worker-mdx1ctl83d1be40n8z9,160.202.144.166,8,"Firefox on Windows",Connected
2025-08-05T07:59:12.932Z,worker-mdx1cb18bhmyr117iut,202.40.184.247,12,"Firefox on Windows",Connected
2025-08-05T07:59:13.493Z,worker-mdx1cdbbvxgql6o792h,202.40.184.247,12,"Firefox on Windows",Connected
2025-08-05T07:59:13.496Z,worker-mdx1cs5di06uwakm1ko,160.202.144.166,8,"Firefox on Windows",Connected
2025-08-05T07:59:14.055Z,worker-mdx1c9o6y4xchhb9a2a,202.40.184.247,12,"Firefox on Windows",Connected
2025-08-05T07:59:14.618Z,worker-mdx1cfr1hv8jwsw7aa,202.40.184.247,12,"Firefox on Windows",Connected
2025-08-05T07:59:15.175Z,worker-mdx1cc4g1gzzpbn213y,202.40.184.247,12,"Firefox on Windows",Connected
2025-08-05T07:59:15.733Z,worker-mdx1cei64a0drj6vxb3,202.40.184.247,12,"Firefox on Windows",Connected
2025-08-05T07:59:17.989Z,worker-mdx1ch51dq4eiwksxra,202.40.184.247,12,"Firefox on Windows",Connected
2025-08-05T07:59:18.062Z,worker-mdx1cunsvey9o6l7y1,160.202.144.166,8,"Firefox on Windows",Connected
2025-08-05T07:59:23.305Z,worker-mdx1ch51dq4eiwksxra,202.40.184.247,12,"Firefox on Windows",Disconnected
2025-08-05T07:59:23.306Z,worker-mdx1cunsvey9o6l7y1,160.202.144.166,8,"Firefox on Windows",Disconnected
2025-08-05T07:59:23.308Z,worker-mdx1ctl83d1be40n8z9,160.202.144.166,8,"Firefox on Windows",Disconnected
2025-08-05T07:59:23.308Z,worker-mdx1cb18bhmyr117iut,202.40.184.247,12,"Firefox on Windows",Disconnected
2025-08-05T07:59:23.308Z,worker-mdx1cs5di06uwakm1ko,160.202.144.166,8,"Firefox on Windows",Disconnected
2025-08-05T07:59:23.308Z,worker-mdx1cdbbvxgql6o792h,202.40.184.247,12,"Firefox on Windows",Disconnected
2025-08-05T07:59:23.308Z,worker-mdx1c9o6y4xchhb9a2a,202.40.184.247,12,"Firefox on Windows",Disconnected
2025-08-05T07:59:23.308Z,worker-mdx1cfr1hv8jwsw7aa,202.40.184.247,12,"Firefox on Windows",Disconnected
2025-08-05T07:59:23.308Z,worker-mdx1cc4g1gzzpbn213y,202.40.184.247,12,"Firefox on Windows",Disconnected
2025-08-05T07:59:23.309Z,worker-mdx1cei64a0drj6vxb3,202.40.184.247,12,"Firefox on Windows",Disconnected
2025-08-05T07:59:27.219Z,worker-mdw5apv6yf20s8i2y2a,160.202.144.166,8,"Chrome on Windows",Connected
2025-08-05T07:59:29.072Z,worker-mdx1cc4g1gzzpbn213y,202.40.184.247,12,"Firefox on Windows",Connected
2025-08-05T07:59:29.123Z,worker-mdx1cunsvey9o6l7y1,160.202.144.166,8,"Firefox on Windows",Connected
2025-08-05T07:59:29.631Z,worker-mdx1c9o6y4xchhb9a2a,202.40.184.247,12,"Firefox on Windows",Connected
2025-08-05T07:59:29.706Z,worker-mdx1cs5di06uwakm1ko,160.202.144.166,8,"Firefox on Windows",Connected
2025-08-05T07:59:30.209Z,worker-mdx1cb18bhmyr117iut,202.40.184.247,12,"Firefox on Windows",Connected
2025-08-05T07:59:30.291Z,worker-mdx1ctl83d1be40n8z9,160.202.144.166,8,"Firefox on Windows",Connected
2025-08-05T07:59:30.767Z,worker-mdx1cdbbvxgql6o792h,202.40.184.247,12,"Firefox on Windows",Connected
2025-08-05T07:59:31.332Z,worker-mdx1ch51dq4eiwksxra,202.40.184.247,12,"Firefox on Windows",Connected
2025-08-05T07:59:31.893Z,worker-mdx1cei64a0drj6vxb3,202.40.184.247,12,"Firefox on Windows",Connected
2025-08-05T07:59:32.455Z,worker-mdx1cfr1hv8jwsw7aa,202.40.184.247,12,"Firefox on Windows",Connected
2025-08-05T07:59:59.931Z,worker-mdx1cunsvey9o6l7y1,160.202.144.166,8,"Firefox on Windows",Connected
2025-08-05T08:00:00.069Z,worker-mdw5apv6yf20s8i2y2a,160.202.144.166,8,"Chrome on Windows",Connected
2025-08-05T08:00:00.599Z,worker-mdx1cs5di06uwakm1ko,160.202.144.166,8,"Firefox on Windows",Connected
2025-08-05T08:00:02.132Z,worker-mdx1ctl83d1be40n8z9,160.202.144.166,8,"Firefox on Windows",Connected
2025-08-05T08:00:07.451Z,worker-mdx1cb18bhmyr117iut,123.49.52.54,12,"Firefox on Windows",Connected
2025-08-05T08:00:07.985Z,worker-mdx1cdbbvxgql6o792h,123.49.52.54,12,"Firefox on Windows",Connected
2025-08-05T08:00:08.518Z,worker-mdx1cc4g1gzzpbn213y,123.49.52.54,12,"Firefox on Windows",Connected
2025-08-05T08:00:09.052Z,worker-mdx1ch51dq4eiwksxra,123.49.52.54,12,"Firefox on Windows",Connected
2025-08-05T08:00:09.586Z,worker-mdx1c9o6y4xchhb9a2a,123.49.52.54,12,"Firefox on Windows",Connected
2025-08-05T08:00:10.124Z,worker-mdx1cei64a0drj6vxb3,123.49.52.54,12,"Firefox on Windows",Connected
2025-08-05T08:00:10.659Z,worker-mdx1cfr1hv8jwsw7aa,123.49.52.54,12,"Firefox on Windows",Connected
2025-08-05T08:00:14.921Z,worker-mdx1cw18y71uqtpye1a,160.202.144.166,8,"Firefox on Windows",Connected
2025-08-05T08:00:15.605Z,worker-mdx1crp2vm6d0l4qc99,160.202.144.166,8,"Firefox on Windows",Connected
2025-08-05T08:01:15.077Z,worker-mdy92outfzfm5489un,160.202.144.166,8,"Firefox on Windows",Connected
2025-08-05T08:01:31.263Z,worker-mdy932fzt1h3fa41u9s,160.202.144.166,8,"Chrome on Android",Connected
2025-08-05T08:02:16.370Z,worker-mdy941d1n2949ctjb6m,160.202.144.166,8,"Chrome on Android",Connected
2025-08-05T08:03:44.828Z,worker-mdy95xa87scswecqk17,160.202.144.166,8,"Chrome on Android",Connected
2025-08-05T08:03:55.984Z,worker-mdy941d1n2949ctjb6m,160.202.144.166,8,"Chrome on Android",Disconnected
2025-08-05T08:04:33.360Z,worker-mdy96z4hwf3od1j2fdf,160.202.144.166,8,"Chrome on Android",Connected
2025-08-05T08:04:55.984Z,worker-mdy932fzt1h3fa41u9s,160.202.144.166,8,"Chrome on Android",Disconnected
2025-08-05T08:05:14.128Z,worker-mdy932fzt1h3fa41u9s,160.202.144.166,8,"Chrome on Android",Connected
2025-08-05T08:05:24.286Z,worker-mdy9821p6rumi3h7bho,160.202.144.166,4,"Chrome on Windows",Connected
2025-08-05T08:05:27.232Z,worker-mdy984ckgnc4pq4ndfn,160.202.144.166,4,"Chrome on Windows",Connected
2025-08-05T08:05:32.312Z,worker-mdy987c0rs5fx9dta4k,160.202.144.166,4,"Chrome on Windows",Connected
2025-08-05T08:05:55.984Z,worker-mdy95xa87scswecqk17,160.202.144.166,8,"Chrome on Android",Disconnected
2025-08-05T08:06:25.983Z,worker-mdy932fzt1h3fa41u9s,160.202.144.166,8,"Chrome on Android",Disconnected
2025-08-05T08:06:39.592Z,worker-mdy99pqlujp5fb42edk,37.111.211.239,8,"Chrome on Android",Connected
2025-08-05T08:06:46.554Z,worker-mdy99v51uta9jo7f9e,37.111.211.239,8,"Chrome on Android",Connected
2025-08-05T08:07:25.984Z,worker-mdy99v51uta9jo7f9e,37.111.211.239,8,"Chrome on Android",Disconnected
2025-08-05T08:07:25.984Z,worker-mdy99pqlujp5fb42edk,37.111.211.239,8,"Chrome on Android",Disconnected
2025-08-05T08:07:43.863Z,worker-mdy9b1ppnbx4x0gt21,160.202.144.166,4,"Chrome on Android",Connected
2025-08-05T08:07:48.857Z,worker-mdy9b40dadw08a61qgi,160.202.144.166,4,"Chrome on Android",Connected
2025-08-05T08:08:14.742Z,worker-mdy932fzt1h3fa41u9s,160.202.144.166,8,"Chrome on Android",Connected
2025-08-05T08:09:30.105Z,worker-mdy9db8fn74sh3p0jo,160.202.144.166,8,"Chrome on Android",Connected
2025-08-05T08:09:55.985Z,worker-mdy932fzt1h3fa41u9s,160.202.144.166,8,"Chrome on Android",Disconnected
2025-08-05T08:09:55.985Z,worker-mdy96z4hwf3od1j2fdf,160.202.144.166,8,"Chrome on Android",Disconnected
2025-08-05T08:10:05.787Z,worker-mdy9e2n8xxfo6x2c6w8,160.202.144.166,8,"Chrome on Android",Connected
2025-08-05T08:10:40.601Z,worker-mdy96z4hwf3od1j2fdf,160.202.144.166,8,"Chrome on Android",Connected
2025-08-05T08:10:48.385Z,worker-mdy95xa87scswecqk17,160.202.144.166,8,"Chrome on Android",Connected
2025-08-05T08:10:48.437Z,worker-mdy95xa87scswecqk17,160.202.144.166,8,"Chrome on Android",Disconnected
2025-08-05T08:10:49.391Z,worker-mdy9f1el8eq3fz8u2ya,160.202.144.166,8,"Chrome on Android",Connected
2025-08-05T08:11:44.487Z,worker-3nrm39bj33,160.202.144.166,8,"Chrome on Android",Connected
2025-08-05T08:11:55.986Z,worker-mdy9f1el8eq3fz8u2ya,160.202.144.166,8,"Chrome on Android",Disconnected
2025-08-05T08:12:15.385Z,worker-mdy9gvceqyuy4epi89,160.202.144.166,8,"Chrome on Android",Connected
2025-08-05T08:13:14.332Z,worker-mdx0a5jnb7zf9bage4o,123.49.52.54,12,"Chrome on Windows",Connected
2025-08-05T08:13:59.252Z,worker-mdy9j3xq80rx56t1cmj,160.202.144.166,4,"Chrome on Windows",Connected
2025-08-05T08:13:59.914Z,worker-mdy9j44sy62z02mhc4,160.202.144.166,4,"Chrome on Windows",Connected
2025-08-05T08:14:00.530Z,worker-mdy9j4vd01vbjtkqhf0c,160.202.144.166,4,"Chrome on Windows",Connected
2025-08-05T08:14:48.949Z,worker-mdy9k5z2vx0203sqde,160.202.144.166,4,"Chrome on Windows",Connected
2025-08-05T08:14:51.947Z,worker-mdy9k7aft5sir76mt0o,160.202.144.166,4,"Chrome on Windows",Connected
2025-08-05T08:14:53.342Z,worker-mdy9k8y1797lcr9xcs4,160.202.144.166,4,"Chrome on Windows",Connected
2025-08-05T08:15:41.960Z,worker-mdy9k5z2vx0203sqde,160.202.144.166,4,"Chrome on Windows",Disconnected
2025-08-05T08:15:46.693Z,worker-mdy9ld6zzr7bzjxhwi,160.202.144.166,4,"Chrome on Windows",Connected
2025-08-05T08:15:54.439Z,worker-mdy9k7aft5sir76mt0o,160.202.144.166,4,"Chrome on Windows",Disconnected
2025-08-05T08:15:55.702Z,worker-mdy9llq1mj2i7ydkrdr,160.202.144.166,4,"Chrome on Windows",Connected
2025-08-05T08:15:58.815Z,worker-mdy9k8y1797lcr9xcs4,160.202.144.166,4,"Chrome on Windows",Disconnected
2025-08-05T08:15:59.793Z,worker-mdy9lp71ipv183fki0h,160.202.144.166,4,"Chrome on Windows",Connected
2025-08-05T08:17:00.741Z,worker-mdy92outfzfm5489un,160.202.144.166,8,"Firefox on Windows",Disconnected
2025-08-05T08:17:20.430Z,worker-mdy9ld6zzr7bzjxhwi,160.202.144.166,4,"Chrome on Windows",Disconnected
2025-08-05T08:17:21.774Z,worker-mdy9ng1cbam2egu2vai,160.202.144.166,4,"Chrome on Windows",Connected
2025-08-05T08:17:26.907Z,worker-mdy9lp71ipv183fki0h,160.202.144.166,4,"Chrome on Windows",Disconnected
2025-08-05T08:17:27.749Z,worker-mdy9nky4b17ln40rbhp,160.202.144.166,4,"Chrome on Windows",Connected
2025-08-05T08:17:29.726Z,worker-mdy9llq1mj2i7ydkrdr,160.202.144.166,4,"Chrome on Windows",Disconnected
2025-08-05T08:17:30.842Z,worker-mdy9nnb2clcrh6bmztf,160.202.144.166,4,"Chrome on Windows",Connected
2025-08-05T08:18:00.089Z,worker-mdy9ng1cbam2egu2vai,160.202.144.166,4,"Chrome on Windows",Disconnected
2025-08-05T08:18:01.616Z,worker-mdy9oahvuwskud9qfu,160.202.144.166,4,"Chrome on Windows",Connected
2025-08-05T08:18:02.244Z,worker-mdy9db8fn74sh3p0jo,160.202.144.166,8,"Chrome on Android",Disconnected
2025-08-05T08:18:05.701Z,worker-mdy9nky4b17ln40rbhp,160.202.144.166,4,"Chrome on Windows",Disconnected
2025-08-05T08:18:07.038Z,worker-mdy9oepugjp9i54d8cw,160.202.144.166,4,"Chrome on Windows",Connected
2025-08-05T08:18:11.337Z,worker-mdy9nnb2clcrh6bmztf,160.202.144.166,4,"Chrome on Windows",Disconnected
2025-08-05T08:18:12.244Z,worker-mdy9oja9ehn84ucczgw,160.202.144.166,4,"Chrome on Windows",Connected
2025-08-05T08:18:40.479Z,worker-mdy96z4hwf3od1j2fdf,160.202.144.166,8,"Chrome on Android",Disconnected
2025-08-05T08:19:57.409Z,worker-mdy9gvceqyuy4epi89,160.202.144.166,8,"Chrome on Android",Disconnected
2025-08-05T08:20:56.554Z,worker-3nrm39bj33,160.202.144.166,8,"Chrome on Android",Disconnected
2025-08-05T08:26:02.767Z,worker-mdy9gvceqyuy4epi89,160.202.144.166,8,"Chrome on Android",Connected
2025-08-05T08:27:18.678Z,worker-mdy9gvceqyuy4epi89,160.202.144.166,8,"Chrome on Android",Disconnected
2025-08-05T08:28:07.945Z,worker-mdy984ckgnc4pq4ndfn,160.202.144.166,4,"Chrome on Windows",Disconnected
2025-08-05T08:28:07.946Z,worker-mdy9821p6rumi3h7bho,160.202.144.166,4,"Chrome on Windows",Disconnected
2025-08-05T08:28:07.946Z,worker-mdy987c0rs5fx9dta4k,160.202.144.166,4,"Chrome on Windows",Disconnected
2025-08-05T08:28:14.958Z,worker-mdw5apv6yf20s8i2y2a,160.202.144.166,8,"Chrome on Windows",Disconnected
