Timestamp,WorkerID,IPAddress,CPU_Cores,Browser,Status
2025-08-07T09:43:28.582Z,worker-me16d022znbc0krjm8n,182.160.116.114,2,"Chrome on Windows",Connected
2025-08-07T09:43:57.858Z,worker-me17mi2sbj2wurf368e,182.160.116.114,8,"Chrome on Android",Connected
2025-08-07T09:44:15.975Z,worker-me17mw0ytfhe0s7wwoe,182.160.116.114,8,"Chrome on Android",Connected
2025-08-07T09:44:29.194Z,worker-me17k4hfsph2sliykr,182.160.116.114,8,"Chrome on Android",Connected
2025-08-07T09:44:30.197Z,worker-me17k4hfsph2sliykr,182.160.116.114,8,"Chrome on Android",Disconnected
2025-08-07T09:44:30.236Z,worker-me17mi2sbj2wurf368e,182.160.116.114,8,"Chrome on Android",Disconnected
2025-08-07T09:44:31.319Z,worker-me17n8hdm4p9oa7zc2,182.160.116.114,8,"Chrome on Android",Connected
2025-08-07T09:44:37.573Z,worker-me17nd74jzip7nqnxcq,182.160.116.114,8,"Chrome on Android",Connected
2025-08-07T09:46:13.714Z,worker-me17pf26y2k61a9bke,182.160.116.114,8,"Chrome on Android",Connected
2025-08-07T09:46:24.445Z,worker-me17pf26y2k61a9bke,182.160.116.114,8,"Chrome on Android",Disconnected
2025-08-07T09:46:52.230Z,worker-me17n8hdm4p9oa7zc2,182.160.116.114,8,"Chrome on Android",Disconnected
2025-08-07T09:46:52.230Z,worker-me17mw0ytfhe0s7wwoe,182.160.116.114,8,"Chrome on Android",Disconnected
2025-08-07T09:47:35.552Z,worker-me17n8hdm4p9oa7zc2,182.160.116.114,8,"Chrome on Android",Connected
2025-08-07T09:47:52.229Z,worker-me17nd74jzip7nqnxcq,182.160.116.114,8,"Chrome on Android",Disconnected
2025-08-07T09:48:34.846Z,worker-me17nd74jzip7nqnxcq,182.160.116.114,8,"Chrome on Android",Connected
2025-08-07T09:49:08.435Z,worker-me16d022znbc0krjm8n,182.160.116.114,2,"Chrome on Windows",Disconnected
2025-08-07T09:49:22.231Z,worker-me17nd74jzip7nqnxcq,182.160.116.114,8,"Chrome on Android",Disconnected
2025-08-07T09:49:22.231Z,worker-me17n8hdm4p9oa7zc2,182.160.116.114,8,"Chrome on Android",Disconnected
2025-08-07T09:49:46.655Z,worker-me17n8hdm4p9oa7zc2,182.160.116.114,8,"Chrome on Android",Connected
2025-08-07T09:49:46.664Z,worker-me17nd74jzip7nqnxcq,182.160.116.114,8,"Chrome on Android",Connected
2025-08-07T09:50:52.233Z,worker-me17nd74jzip7nqnxcq,182.160.116.114,8,"Chrome on Android",Disconnected
2025-08-07T09:50:52.233Z,worker-me17n8hdm4p9oa7zc2,182.160.116.114,8,"Chrome on Android",Disconnected
2025-08-07T09:51:26.032Z,worker-me17nd74jzip7nqnxcq,103.230.105.17,8,"Chrome on Android",Connected
2025-08-07T09:51:26.049Z,worker-me17n8hdm4p9oa7zc2,103.230.105.17,8,"Chrome on Android",Connected
2025-08-07T09:51:50.484Z,worker-me17n8hdm4p9oa7zc2,103.230.105.17,8,"Chrome on Android",Disconnected
2025-08-07T09:51:50.507Z,worker-me17nd74jzip7nqnxcq,103.230.105.17,8,"Chrome on Android",Disconnected
2025-08-07T13:26:08.802Z,worker-me1fk93ua2g5lcwdz1k,52.34.194.50,4,"Edge on Windows",Connected
2025-08-07T13:26:14.999Z,worker-me1fk93ua2g5lcwdz1k,52.34.194.50,4,"Edge on Windows",Disconnected
2025-08-08T02:20:01.537Z,worker-me277gw4r57onk1sncd,44.250.110.0,4,"Chrome on Android",Connected
2025-08-08T02:20:07.330Z,worker-me277gw4r57onk1sncd,44.250.110.0,4,"Chrome on Android",Disconnected
2025-08-08T12:28:33.599Z,worker-me2sy1qnozw7no6ko4i,44.243.14.189,4,"Safari on iOS",Connected
2025-08-08T12:28:40.040Z,worker-me2sy1qnozw7no6ko4i,44.243.14.189,4,"Safari on iOS",Disconnected
2025-08-08T16:27:12.775Z,worker-me31gydvjnh1nqh6ks,160.202.144.166,8,"Firefox on Windows",Connected
2025-08-08T16:30:55.280Z,worker-me31gydvjnh1nqh6ks,160.202.144.166,8,"Firefox on Windows",Connected
2025-08-08T16:52:15.790Z,worker-me31gydvjnh1nqh6ks,160.202.144.166,8,"Firefox on Windows",Disconnected
2025-08-08T17:09:18.444Z,worker-me32z37t993u37zbez,160.202.144.166,8,"Firefox on Windows",Connected
2025-08-08T17:22:26.021Z,worker-me33fy9y3sjul5ddzxz,160.202.144.166,8,"Chrome on Android",Connected
2025-08-08T17:22:27.020Z,worker-me33fzc9ywox2cm1epq,160.202.144.166,8,"Chrome on Android",Connected
2025-08-08T17:23:11.314Z,worker-me33gww6dh27ltjl47,160.202.144.166,8,"Chrome on Android",Connected
2025-08-08T17:23:45.990Z,worker-me16d022znbc0krjm8n,160.202.144.166,2,"Chrome on Windows",Connected
2025-08-08T17:23:47.814Z,worker-me16d022znbc0krjm8n,160.202.144.166,2,"Chrome on Windows",Disconnected
2025-08-08T17:23:49.168Z,worker-me33hr0wqywxgb44zyc,160.202.144.166,2,"Chrome on Windows",Connected
2025-08-08T17:24:10.243Z,worker-me33i7bk1zperoukahe,160.202.144.166,8,"Chrome on Windows",Connected
2025-08-08T17:24:57.281Z,worker-me33j7kkgjjwdz0ivq8,160.202.144.166,8,"Chrome on Windows",Connected
2025-08-08T17:25:38.971Z,worker-me33k1yg1xtqa2a3tiz,123.49.52.54,12,"Firefox on Windows",Connected
2025-08-08T17:25:42.824Z,worker-me33k4xi5fwl1iyjg0j,123.49.52.54,12,"Firefox on Windows",Connected
2025-08-08T17:25:47.871Z,worker-me33k8tqmc5grsrokm,123.49.52.54,12,"Firefox on Windows",Connected
2025-08-08T17:25:58.111Z,worker-me33kgq045hyvu6wpof,123.49.52.54,12,"Firefox on Windows",Connected
2025-08-08T17:28:46.541Z,worker-me33o3e8njgvyh7xey,160.202.144.166,8,"Chrome on Android",Connected
2025-08-08T17:31:26.570Z,worker-me33o3e8njgvyh7xey,160.202.144.166,8,"Chrome on Android",Disconnected
2025-08-08T17:31:28.548Z,worker-me33rkno99q41rjzt7j,160.202.144.166,8,"Chrome on Android",Connected
2025-08-08T17:31:29.477Z,worker-me33rkno99q41rjzt7j,160.202.144.166,8,"Chrome on Android",Disconnected
2025-08-08T17:31:31.090Z,worker-me33rm03ea9u5w2u346,160.202.144.166,8,"Chrome on Android",Connected
2025-08-08T17:38:50.045Z,worker-me33gww6dh27ltjl47,160.202.144.166,8,"Chrome on Android",Disconnected
2025-08-08T17:38:50.062Z,worker-me33fzc9ywox2cm1epq,160.202.144.166,8,"Chrome on Android",Disconnected
2025-08-08T17:38:50.070Z,worker-me33fy9y3sjul5ddzxz,160.202.144.166,8,"Chrome on Android",Disconnected
2025-08-08T17:39:25.022Z,worker-me33fzc9ywox2cm1epq,160.202.144.166,8,"Chrome on Android",Connected
2025-08-08T17:40:07.070Z,worker-me33gww6dh27ltjl47,160.202.144.166,8,"Chrome on Android",Connected
2025-08-08T17:40:27.908Z,worker-me33gww6dh27ltjl47,160.202.144.166,8,"Chrome on Android",Disconnected
2025-08-08T17:40:50.055Z,worker-me33fzc9ywox2cm1epq,160.202.144.166,8,"Chrome on Android",Disconnected
2025-08-08T17:53:23.699Z,worker-me32z37t993u37zbez,160.202.144.166,8,"Firefox on Windows",Disconnected
2025-08-08T17:53:25.254Z,worker-me34jtiop40pflobe8g,160.202.144.166,8,"Firefox on Windows",Connected
2025-08-08T17:59:22.212Z,worker-me33fzc9ywox2cm1epq,160.202.144.166,8,"Chrome on Android",Connected
2025-08-08T17:59:22.571Z,worker-me33fzc9ywox2cm1epq,160.202.144.166,8,"Chrome on Android",Disconnected
2025-08-08T18:06:01.824Z,worker-me34jtiop40pflobe8g,160.202.144.166,8,"Firefox on Windows",Disconnected
2025-08-08T18:06:03.870Z,worker-me3502twlg045epjwf,160.202.144.166,8,"Firefox on Windows",Connected
2025-08-08T18:13:25.034Z,worker-me359j9nzfzwnji0xpd,160.202.144.166,8,"Firefox on Windows",Connected
2025-08-08T18:13:28.571Z,worker-me33j7kkgjjwdz0ivq8,160.202.144.166,8,"Chrome on Windows",Connected
2025-08-08T18:13:28.676Z,worker-me33hr0wqywxgb44zyc,160.202.144.166,2,"Chrome on Windows",Connected
2025-08-08T18:13:28.850Z,worker-me33kgq045hyvu6wpof,123.49.52.54,12,"Firefox on Windows",Connected
2025-08-08T18:13:29.172Z,worker-me33i7bk1zperoukahe,160.202.144.166,8,"Chrome on Windows",Connected
2025-08-08T18:13:29.390Z,worker-me33k8tqmc5grsrokm,123.49.52.54,12,"Firefox on Windows",Connected
2025-08-08T18:13:29.934Z,worker-me33k4xi5fwl1iyjg0j,123.49.52.54,12,"Firefox on Windows",Connected
2025-08-08T18:13:30.477Z,worker-me33k1yg1xtqa2a3tiz,123.49.52.54,12,"Firefox on Windows",Connected
2025-08-08T18:13:54.619Z,worker-me33k4xi5fwl1iyjg0j,123.49.52.54,12,"Firefox on Windows",Connected
2025-08-08T18:13:54.724Z,worker-me33j7kkgjjwdz0ivq8,160.202.144.166,8,"Chrome on Windows",Connected
2025-08-08T18:13:54.763Z,worker-me359j9nzfzwnji0xpd,160.202.144.166,8,"Firefox on Windows",Connected
2025-08-08T18:13:55.154Z,worker-me33kgq045hyvu6wpof,123.49.52.54,12,"Firefox on Windows",Connected
2025-08-08T18:13:55.650Z,worker-me33hr0wqywxgb44zyc,160.202.144.166,2,"Chrome on Windows",Connected
2025-08-08T18:13:55.686Z,worker-me33i7bk1zperoukahe,160.202.144.166,8,"Chrome on Windows",Connected
2025-08-08T18:13:55.687Z,worker-me33k1yg1xtqa2a3tiz,123.49.52.54,12,"Firefox on Windows",Connected
2025-08-08T18:13:56.224Z,worker-me33k8tqmc5grsrokm,123.49.52.54,12,"Firefox on Windows",Connected
2025-08-08T18:14:19.979Z,worker-me33k1yg1xtqa2a3tiz,123.49.52.54,12,"Firefox on Windows",Disconnected
2025-08-08T18:14:19.979Z,worker-me33k8tqmc5grsrokm,123.49.52.54,12,"Firefox on Windows",Disconnected
2025-08-08T18:14:19.982Z,worker-me33k4xi5fwl1iyjg0j,123.49.52.54,12,"Firefox on Windows",Disconnected
2025-08-08T18:14:19.982Z,worker-me33j7kkgjjwdz0ivq8,160.202.144.166,8,"Chrome on Windows",Disconnected
2025-08-08T18:14:19.982Z,worker-me359j9nzfzwnji0xpd,160.202.144.166,8,"Firefox on Windows",Disconnected
2025-08-08T18:14:19.982Z,worker-me33kgq045hyvu6wpof,123.49.52.54,12,"Firefox on Windows",Disconnected
2025-08-08T18:14:19.982Z,worker-me33hr0wqywxgb44zyc,160.202.144.166,2,"Chrome on Windows",Disconnected
2025-08-08T18:14:19.982Z,worker-me33i7bk1zperoukahe,160.202.144.166,8,"Chrome on Windows",Disconnected
2025-08-08T18:14:22.663Z,worker-me33fzc9ywox2cm1epq,160.202.144.166,8,"Chrome on Android",Connected
2025-08-08T18:14:25.714Z,worker-me33k4xi5fwl1iyjg0j,123.49.52.54,12,"Firefox on Windows",Connected
2025-08-08T18:14:25.768Z,worker-me359j9nzfzwnji0xpd,160.202.144.166,8,"Firefox on Windows",Connected
2025-08-08T18:14:25.790Z,worker-me33j7kkgjjwdz0ivq8,160.202.144.166,8,"Chrome on Windows",Connected
2025-08-08T18:14:26.258Z,worker-me33k1yg1xtqa2a3tiz,123.49.52.54,12,"Firefox on Windows",Connected
2025-08-08T18:14:26.678Z,worker-me33hr0wqywxgb44zyc,160.202.144.166,2,"Chrome on Windows",Connected
2025-08-08T18:14:26.700Z,worker-me33i7bk1zperoukahe,160.202.144.166,8,"Chrome on Windows",Connected
2025-08-08T18:14:26.791Z,worker-me33kgq045hyvu6wpof,123.49.52.54,12,"Firefox on Windows",Connected
2025-08-08T18:14:27.330Z,worker-me33k8tqmc5grsrokm,123.49.52.54,12,"Firefox on Windows",Connected
2025-08-08T18:15:53.016Z,worker-me33j7kkgjjwdz0ivq8,160.202.144.166,8,"Chrome on Windows",Connected
2025-08-08T18:15:56.645Z,worker-me33hr0wqywxgb44zyc,160.202.144.166,2,"Chrome on Windows",Connected
2025-08-08T18:15:56.680Z,worker-me33i7bk1zperoukahe,160.202.144.166,8,"Chrome on Windows",Connected
2025-08-08T18:15:59.047Z,worker-me359j9nzfzwnji0xpd,160.202.144.166,8,"Firefox on Windows",Connected
2025-08-08T18:16:03.409Z,worker-me33k1yg1xtqa2a3tiz,123.49.52.54,12,"Firefox on Windows",Connected
2025-08-08T18:16:03.946Z,worker-me33k8tqmc5grsrokm,123.49.52.54,12,"Firefox on Windows",Connected
2025-08-08T18:16:04.488Z,worker-me33kgq045hyvu6wpof,123.49.52.54,12,"Firefox on Windows",Connected
2025-08-08T18:16:05.028Z,worker-me33k4xi5fwl1iyjg0j,123.49.52.54,12,"Firefox on Windows",Connected
2025-08-08T18:16:23.995Z,worker-me33fzc9ywox2cm1epq,160.202.144.166,8,"Chrome on Android",Connected
2025-08-08T18:18:24.733Z,worker-me33fzc9ywox2cm1epq,160.202.144.166,8,"Chrome on Android",Disconnected
2025-08-08T18:25:48.265Z,worker-me35pgcybtsz690wg69,160.202.144.166,8,"Chrome on Android",Connected
2025-08-08T18:25:48.905Z,worker-me35pgcybtsz690wg69,160.202.144.166,8,"Chrome on Android",Disconnected
2025-08-08T18:25:49.748Z,worker-me35phin4x1j2pgo2tb,160.202.144.166,8,"Chrome on Android",Connected
2025-08-08T18:26:01.965Z,worker-me359j9nzfzwnji0xpd,160.202.144.166,8,"Firefox on Windows",Disconnected
2025-08-08T18:26:03.224Z,worker-me35psamkgg6i0x64pd,160.202.144.166,8,"Firefox on Windows",Connected
2025-08-08T18:26:39.784Z,worker-me35psamkgg6i0x64pd,160.202.144.166,8,"Firefox on Windows",Disconnected
2025-08-08T18:28:35.145Z,worker-me35phin4x1j2pgo2tb,160.202.144.166,8,"Chrome on Android",Disconnected
2025-08-08T18:28:36.618Z,worker-me35t1s38i119gonzc,160.202.144.166,8,"Chrome on Android",Connected
2025-08-08T18:30:39.353Z,worker-me33j7kkgjjwdz0ivq8,160.202.144.166,8,"Chrome on Windows",Connected
2025-08-08T18:30:39.710Z,worker-me33k1yg1xtqa2a3tiz,202.40.184.247,12,"Firefox on Windows",Connected
2025-08-08T18:30:39.835Z,worker-me35t1s38i119gonzc,160.202.144.166,8,"Chrome on Android",Connected
2025-08-08T18:30:39.931Z,worker-me33i7bk1zperoukahe,160.202.144.166,8,"Chrome on Windows",Connected
2025-08-08T18:30:40.269Z,worker-me33kgq045hyvu6wpof,202.40.184.247,12,"Firefox on Windows",Connected
2025-08-08T18:30:40.826Z,worker-me33k8tqmc5grsrokm,202.40.184.247,12,"Firefox on Windows",Connected
2025-08-08T18:30:41.382Z,worker-me33k4xi5fwl1iyjg0j,202.40.184.247,12,"Firefox on Windows",Connected
2025-08-08T18:31:05.428Z,worker-me33kgq045hyvu6wpof,202.40.184.247,12,"Firefox on Windows",Connected
2025-08-08T18:31:05.461Z,worker-me33j7kkgjjwdz0ivq8,160.202.144.166,8,"Chrome on Windows",Connected
2025-08-08T18:31:05.987Z,worker-me33k4xi5fwl1iyjg0j,202.40.184.247,12,"Firefox on Windows",Connected
2025-08-08T18:31:06.054Z,worker-me33i7bk1zperoukahe,160.202.144.166,8,"Chrome on Windows",Connected
2025-08-08T18:31:06.559Z,worker-me33k8tqmc5grsrokm,202.40.184.247,12,"Firefox on Windows",Connected
2025-08-08T18:31:07.116Z,worker-me33k1yg1xtqa2a3tiz,202.40.184.247,12,"Firefox on Windows",Connected
2025-08-08T18:31:07.165Z,worker-me35t1s38i119gonzc,160.202.144.166,8,"Chrome on Android",Connected
2025-08-08T18:31:30.760Z,worker-me35t1s38i119gonzc,160.202.144.166,8,"Chrome on Android",Disconnected
2025-08-08T18:31:30.760Z,worker-me33k1yg1xtqa2a3tiz,202.40.184.247,12,"Firefox on Windows",Disconnected
2025-08-08T18:31:30.762Z,worker-me33kgq045hyvu6wpof,202.40.184.247,12,"Firefox on Windows",Disconnected
2025-08-08T18:31:30.762Z,worker-me33j7kkgjjwdz0ivq8,160.202.144.166,8,"Chrome on Windows",Disconnected
2025-08-08T18:31:30.762Z,worker-me33k4xi5fwl1iyjg0j,202.40.184.247,12,"Firefox on Windows",Disconnected
2025-08-08T18:31:30.762Z,worker-me33i7bk1zperoukahe,160.202.144.166,8,"Chrome on Windows",Disconnected
2025-08-08T18:31:30.762Z,worker-me33k8tqmc5grsrokm,202.40.184.247,12,"Firefox on Windows",Disconnected
2025-08-08T18:31:36.517Z,worker-me33kgq045hyvu6wpof,202.40.184.247,12,"Firefox on Windows",Connected
2025-08-08T18:31:36.586Z,worker-me33j7kkgjjwdz0ivq8,160.202.144.166,8,"Chrome on Windows",Connected
2025-08-08T18:31:37.076Z,worker-me33k4xi5fwl1iyjg0j,202.40.184.247,12,"Firefox on Windows",Connected
2025-08-08T18:31:37.140Z,worker-me35t1s38i119gonzc,160.202.144.166,8,"Chrome on Android",Connected
2025-08-08T18:31:37.195Z,worker-me33i7bk1zperoukahe,160.202.144.166,8,"Chrome on Windows",Connected
2025-08-08T18:31:37.632Z,worker-me33k8tqmc5grsrokm,202.40.184.247,12,"Firefox on Windows",Connected
2025-08-08T18:31:38.189Z,worker-me33k1yg1xtqa2a3tiz,202.40.184.247,12,"Firefox on Windows",Connected
2025-08-08T18:31:39.550Z,worker-me35wzrahzsinsjjzp5,160.202.144.166,8,"Firefox on Windows",Connected
2025-08-08T18:33:03.859Z,worker-me33j7kkgjjwdz0ivq8,160.202.144.166,8,"Chrome on Windows",Connected
2025-08-08T18:33:05.246Z,worker-me33k4xi5fwl1iyjg0j,123.49.52.54,12,"Firefox on Windows",Connected
2025-08-08T18:33:05.782Z,worker-me33kgq045hyvu6wpof,123.49.52.54,12,"Firefox on Windows",Connected
2025-08-08T18:33:05.942Z,worker-me35wzrahzsinsjjzp5,160.202.144.166,8,"Firefox on Windows",Connected
2025-08-08T18:33:06.322Z,worker-me33k1yg1xtqa2a3tiz,123.49.52.54,12,"Firefox on Windows",Connected
2025-08-08T18:33:06.862Z,worker-me33k8tqmc5grsrokm,123.49.52.54,12,"Firefox on Windows",Connected
2025-08-08T18:33:07.737Z,worker-me33i7bk1zperoukahe,160.202.144.166,8,"Chrome on Windows",Connected
2025-08-08T18:33:25.097Z,worker-me35t1s38i119gonzc,160.202.144.166,8,"Chrome on Android",Connected
2025-08-08T18:34:33.397Z,worker-me35t1s38i119gonzc,160.202.144.166,8,"Chrome on Android",Disconnected
2025-08-08T18:34:52.839Z,worker-me35wzrahzsinsjjzp5,160.202.144.166,8,"Firefox on Windows",Disconnected
2025-08-08T18:34:54.207Z,worker-me3615z1o9t0jg17go,160.202.144.166,8,"Firefox on Windows",Connected
2025-08-08T18:35:12.407Z,worker-me361jqpt0sjzzd7ar,160.202.144.166,8,"Chrome on Android",Connected
2025-08-08T18:41:33.403Z,worker-me361jqpt0sjzzd7ar,160.202.144.166,8,"Chrome on Android",Disconnected
2025-08-08T18:43:29.617Z,worker-me361jqpt0sjzzd7ar,160.202.144.166,8,"Chrome on Android",Connected
2025-08-08T18:44:03.406Z,worker-me361jqpt0sjzzd7ar,160.202.144.166,8,"Chrome on Android",Disconnected
2025-08-08T18:46:07.497Z,worker-me3615z1o9t0jg17go,160.202.144.166,8,"Firefox on Windows",Connected
2025-08-08T18:46:07.564Z,worker-me33j7kkgjjwdz0ivq8,160.202.144.166,8,"Chrome on Windows",Connected
2025-08-08T18:46:07.869Z,worker-me33k1yg1xtqa2a3tiz,123.49.52.54,12,"Firefox on Windows",Connected
2025-08-08T18:46:08.236Z,worker-me33i7bk1zperoukahe,160.202.144.166,8,"Chrome on Windows",Connected
2025-08-08T18:46:08.411Z,worker-me33kgq045hyvu6wpof,123.49.52.54,12,"Firefox on Windows",Connected
2025-08-08T18:46:08.947Z,worker-me33k8tqmc5grsrokm,123.49.52.54,12,"Firefox on Windows",Connected
2025-08-08T18:46:09.485Z,worker-me33k4xi5fwl1iyjg0j,123.49.52.54,12,"Firefox on Windows",Connected
2025-08-08T18:46:20.917Z,worker-me3615z1o9t0jg17go,160.202.144.166,8,"Firefox on Windows",Disconnected
2025-08-08T18:46:22.195Z,worker-me36fwtz79a2byrn3ct,160.202.144.166,8,"Firefox on Windows",Connected
2025-08-08T18:46:43.963Z,worker-me36gcx1ne16kw7aidr,160.202.144.166,8,"Chrome on Android",Connected
2025-08-08T18:47:05.105Z,worker-me36gtc5j2isq0p5e6,160.202.144.166,8,"Chrome on Android",Connected
2025-08-08T18:47:38.720Z,worker-me36hizw03v1bikxqnzr,160.202.144.166,8,"Chrome on Android",Connected
2025-08-08T18:47:45.957Z,worker-me36hizw03v1bikxqnzr,160.202.144.166,8,"Chrome on Android",Disconnected
2025-08-08T18:47:46.678Z,worker-me36hpcil5cxt660jon,160.202.144.166,8,"Chrome on Android",Connected
2025-08-08T18:48:05.637Z,worker-me33rm03ea9u5w2u346,160.202.144.166,8,"Chrome on Android",Connected
2025-08-08T18:48:06.403Z,worker-me33rm03ea9u5w2u346,160.202.144.166,8,"Chrome on Android",Disconnected
2025-08-08T18:48:08.471Z,worker-me36i5722jigtopnoq5,160.202.144.166,8,"Chrome on Android",Connected
2025-08-08T18:48:20.422Z,worker-me33j7kkgjjwdz0ivq8,160.202.144.166,8,"Chrome on Windows",Disconnected
2025-08-08T18:48:21.362Z,worker-me36igpfn78ujl9td2s,160.202.144.166,8,"Chrome on Windows",Connected
2025-08-08T18:48:22.787Z,worker-me33i7bk1zperoukahe,160.202.144.166,8,"Chrome on Windows",Disconnected
2025-08-08T18:48:23.469Z,worker-me36iicy9lzp9q86aqb,160.202.144.166,8,"Chrome on Windows",Connected
2025-08-08T18:48:29.134Z,worker-me36imqanmhrk8bceed,160.202.144.166,2,"Chrome on Windows",Connected
2025-08-08T18:48:32.265Z,worker-me36ip43gqburyhb6sc,160.202.144.166,2,"Chrome on Windows",Connected
2025-08-08T18:48:55.133Z,worker-me33k1yg1xtqa2a3tiz,123.49.52.54,12,"Firefox on Windows",Disconnected
2025-08-08T18:48:56.281Z,worker-me36j5sogtozeewfvnf,123.49.52.54,12,"Firefox on Windows",Connected
2025-08-08T18:48:56.952Z,worker-me33k4xi5fwl1iyjg0j,123.49.52.54,12,"Firefox on Windows",Disconnected
2025-08-08T18:48:57.738Z,worker-me36j6x5l8sf40zpkaa,123.49.52.54,12,"Firefox on Windows",Connected
2025-08-08T18:48:59.462Z,worker-me33k8tqmc5grsrokm,123.49.52.54,12,"Firefox on Windows",Disconnected
2025-08-08T18:49:00.252Z,worker-me36j8ur7oesmlsv2nl,123.49.52.54,12,"Firefox on Windows",Connected
2025-08-08T18:49:01.350Z,worker-me33kgq045hyvu6wpof,123.49.52.54,12,"Firefox on Windows",Disconnected
2025-08-08T18:49:02.157Z,worker-me36jabhppk1msi586o,123.49.52.54,12,"Firefox on Windows",Connected
2025-08-08T18:49:06.505Z,worker-me36jdoeawgnly2kq8o,123.49.52.54,12,"Firefox on Windows",Connected
2025-08-08T18:50:31.991Z,worker-me36hpcil5cxt660jon,160.202.144.166,8,"Chrome on Android",Disconnected
2025-08-08T18:50:41.982Z,worker-me36hpcil5cxt660jon,202.134.14.157,8,"Chrome on Android",Connected
2025-08-08T18:53:32.657Z,worker-me36p48jm1e69ru9bsf,160.202.144.166,4,"Chrome on Windows",Connected
2025-08-08T18:53:43.937Z,worker-me36pd1c5vk4ku3nst6,160.202.144.166,4,"Chrome on Windows",Connected
2025-08-08T18:53:49.823Z,worker-me36picee3y6g5po2tt,160.202.144.166,4,"Chrome on Windows",Connected
2025-08-08T18:53:57.912Z,worker-me36po9j7u6et5iywjk,160.202.144.166,4,"Chrome on Windows",Connected
2025-08-08T18:56:01.297Z,worker-me36fwtz79a2byrn3ct,160.202.144.166,8,"Firefox on Windows",Connected
2025-08-08T18:56:01.572Z,worker-me36jdoeawgnly2kq8o,123.49.52.54,12,"Firefox on Windows",Connected
2025-08-08T18:56:01.716Z,worker-me36ip43gqburyhb6sc,160.202.144.166,2,"Chrome on Windows",Connected
2025-08-08T18:56:01.718Z,worker-me36iicy9lzp9q86aqb,160.202.144.166,8,"Chrome on Windows",Connected
2025-08-08T18:56:02.108Z,worker-me36jabhppk1msi586o,123.49.52.54,12,"Firefox on Windows",Connected
2025-08-08T18:56:02.289Z,worker-me36igpfn78ujl9td2s,160.202.144.166,8,"Chrome on Windows",Connected
2025-08-08T18:56:02.304Z,worker-me36imqanmhrk8bceed,160.202.144.166,2,"Chrome on Windows",Connected
2025-08-08T18:56:02.460Z,worker-me36po9j7u6et5iywjk,160.202.144.166,4,"Chrome on Windows",Connected
2025-08-08T18:56:02.650Z,worker-me36j6x5l8sf40zpkaa,123.49.52.54,12,"Firefox on Windows",Connected
2025-08-08T18:56:03.188Z,worker-me36j5sogtozeewfvnf,123.49.52.54,12,"Firefox on Windows",Connected
2025-08-08T18:56:03.730Z,worker-me36j8ur7oesmlsv2nl,123.49.52.54,12,"Firefox on Windows",Connected
2025-08-08T18:56:04.011Z,worker-me36pd1c5vk4ku3nst6,160.202.144.166,4,"Chrome on Windows",Connected
2025-08-08T18:56:04.450Z,worker-me36i5722jigtopnoq5,160.202.144.166,8,"Chrome on Android",Connected
2025-08-08T18:56:04.463Z,worker-me36gtc5j2isq0p5e6,160.202.144.166,8,"Chrome on Android",Connected
2025-08-08T18:56:05.019Z,worker-me36picee3y6g5po2tt,160.202.144.166,4,"Chrome on Windows",Connected
2025-08-08T18:56:05.752Z,worker-me36p48jm1e69ru9bsf,160.202.144.166,4,"Chrome on Windows",Connected
2025-08-08T18:57:55.725Z,worker-me36gtc5j2isq0p5e6,160.202.144.166,8,"Chrome on Android",Disconnected
2025-08-08T18:59:10.963Z,worker-me36j8ur7oesmlsv2nl,123.49.52.54,12,"Firefox on Windows",Connected
2025-08-08T18:59:11.024Z,worker-me36fwtz79a2byrn3ct,160.202.144.166,8,"Firefox on Windows",Connected
2025-08-08T18:59:11.500Z,worker-me36j5sogtozeewfvnf,123.49.52.54,12,"Firefox on Windows",Connected
2025-08-08T18:59:11.692Z,worker-me36imqanmhrk8bceed,160.202.144.166,2,"Chrome on Windows",Connected
2025-08-08T18:59:11.751Z,worker-me36igpfn78ujl9td2s,160.202.144.166,8,"Chrome on Windows",Connected
2025-08-08T18:59:12.035Z,worker-me36jabhppk1msi586o,123.49.52.54,12,"Firefox on Windows",Connected
2025-08-08T18:59:12.301Z,worker-me36ip43gqburyhb6sc,160.202.144.166,2,"Chrome on Windows",Connected
2025-08-08T18:59:12.378Z,worker-me36iicy9lzp9q86aqb,160.202.144.166,8,"Chrome on Windows",Connected
2025-08-08T18:59:12.579Z,worker-me36jdoeawgnly2kq8o,123.49.52.54,12,"Firefox on Windows",Connected
2025-08-08T18:59:12.687Z,worker-me36po9j7u6et5iywjk,160.202.144.166,4,"Chrome on Windows",Connected
2025-08-08T18:59:13.112Z,worker-me36j6x5l8sf40zpkaa,123.49.52.54,12,"Firefox on Windows",Connected
2025-08-08T18:59:13.579Z,worker-me36picee3y6g5po2tt,160.202.144.166,4,"Chrome on Windows",Connected
2025-08-08T18:59:14.461Z,worker-me36pd1c5vk4ku3nst6,160.202.144.166,4,"Chrome on Windows",Connected
2025-08-08T18:59:16.082Z,worker-me36p48jm1e69ru9bsf,160.202.144.166,4,"Chrome on Windows",Connected
2025-08-08T18:59:16.139Z,worker-me36i5722jigtopnoq5,160.202.144.166,8,"Chrome on Android",Connected
2025-08-08T19:01:10.261Z,worker-me36fwtz79a2byrn3ct,160.202.144.166,8,"Firefox on Windows",Disconnected
2025-08-08T19:01:11.737Z,worker-me36yz7ljebdykoa7p,160.202.144.166,8,"Firefox on Windows",Connected
2025-08-08T19:08:56.382Z,worker-me378x7eqnyu8wvtd9n,160.202.144.166,8,"Chrome on Android",Connected
2025-08-08T19:09:08.138Z,worker-me3796a1xbly5em9vy9,160.202.144.166,8,"Chrome on Android",Connected
2025-08-08T19:09:23.104Z,worker-me3796a1xbly5em9vy9,160.202.144.166,8,"Chrome on Android",Disconnected
2025-08-08T19:09:23.841Z,worker-me379ii4qqvuql9cb,160.202.144.166,8,"Chrome on Android",Connected
2025-08-08T19:09:23.869Z,worker-me378x7eqnyu8wvtd9n,160.202.144.166,8,"Chrome on Android",Disconnected
2025-08-08T19:09:24.860Z,worker-me379j7s7zi96e7z5q6,160.202.144.166,8,"Chrome on Android",Connected
2025-08-08T19:10:10.201Z,worker-me37ai41nx85qt5io9p,160.202.144.166,8,"Chrome on Android",Connected
2025-08-08T19:10:15.688Z,worker-me379ii4qqvuql9cb,160.202.144.166,8,"Chrome on Android",Disconnected
2025-08-08T19:10:17.791Z,worker-me37ao69ke4wtfghwu,160.202.144.166,8,"Chrome on Android",Connected
2025-08-08T19:10:44.645Z,worker-me36p48jm1e69ru9bsf,160.202.144.166,4,"Chrome on Windows",Disconnected
2025-08-08T19:10:45.303Z,worker-me37bammmrczq1gcsdq,160.202.144.166,4,"Chrome on Windows",Connected
2025-08-08T19:12:05.541Z,worker-me379j7s7zi96e7z5q6,160.202.144.166,8,"Chrome on Android",Disconnected
2025-08-08T19:12:18.568Z,worker-me379j7s7zi96e7z5q6,160.202.144.166,8,"Chrome on Android",Connected
2025-08-08T19:12:27.001Z,worker-me36yz7ljebdykoa7p,160.202.144.166,8,"Firefox on Windows",Disconnected
2025-08-08T19:12:28.664Z,worker-me37dhhra9cb1v89eaf,160.202.144.166,8,"Firefox on Windows",Connected
2025-08-08T19:12:29.277Z,worker-me37dhhra9cb1v89eaf,160.202.144.166,8,"Firefox on Windows",Disconnected
2025-08-08T19:13:35.496Z,worker-me379j7s7zi96e7z5q6,160.202.144.166,8,"Chrome on Android",Disconnected
2025-08-08T19:16:05.526Z,worker-me37ao69ke4wtfghwu,160.202.144.166,8,"Chrome on Android",Disconnected
2025-08-08T19:16:05.534Z,worker-me37ai41nx85qt5io9p,160.202.144.166,8,"Chrome on Android",Disconnected
2025-08-08T19:26:57.334Z,worker-me36imqanmhrk8bceed,160.202.144.166,2,"Chrome on Windows",Disconnected
2025-08-08T19:26:57.335Z,worker-me36ip43gqburyhb6sc,160.202.144.166,2,"Chrome on Windows",Disconnected
2025-08-08T19:26:57.341Z,worker-me36igpfn78ujl9td2s,160.202.144.166,8,"Chrome on Windows",Disconnected
2025-08-08T19:26:57.341Z,worker-me36iicy9lzp9q86aqb,160.202.144.166,8,"Chrome on Windows",Disconnected
2025-08-08T19:38:49.784Z,worker-me37ao69ke4wtfghwu,160.202.144.166,8,"Chrome on Android",Connected
2025-08-08T19:39:22.579Z,worker-me37ao69ke4wtfghwu,160.202.144.166,8,"Chrome on Android",Disconnected
2025-08-08T20:02:37.198Z,worker-me36picee3y6g5po2tt,160.202.144.166,4,"Chrome on Windows",Disconnected
2025-08-08T20:02:37.201Z,worker-me36po9j7u6et5iywjk,160.202.144.166,4,"Chrome on Windows",Disconnected
2025-08-08T20:02:37.206Z,worker-me36pd1c5vk4ku3nst6,160.202.144.166,4,"Chrome on Windows",Disconnected
2025-08-08T20:02:37.206Z,worker-me37bammmrczq1gcsdq,160.202.144.166,4,"Chrome on Windows",Disconnected
2025-08-08T20:04:13.260Z,worker-me37ao69ke4wtfghwu,160.202.144.166,8,"Chrome on Android",Connected
2025-08-08T20:06:05.551Z,worker-me37ao69ke4wtfghwu,160.202.144.166,8,"Chrome on Android",Disconnected
2025-08-08T20:07:23.441Z,worker-me37ao69ke4wtfghwu,160.202.144.166,8,"Chrome on Android",Connected
2025-08-08T20:09:05.554Z,worker-me37ao69ke4wtfghwu,160.202.144.166,8,"Chrome on Android",Disconnected
2025-08-08T21:08:35.596Z,worker-me36i5722jigtopnoq5,160.202.144.166,8,"Chrome on Android",Disconnected
2025-08-09T00:40:13.008Z,worker-me3j2yqsgtyrehoi5f4,35.90.65.6,4,"Edge on Windows",Connected
2025-08-09T00:40:19.216Z,worker-me3j2yqsgtyrehoi5f4,35.90.65.6,4,"Edge on Windows",Disconnected
2025-08-09T03:15:47.603Z,worker-me3on1qp1idbm7gniur,89.248.171.23,64,"Chrome on Windows",Connected
2025-08-09T03:16:49.587Z,worker-me3on1qp1idbm7gniur,89.248.171.23,64,"Chrome on Windows",Disconnected
2025-08-09T04:33:33.744Z,worker-me36j8ur7oesmlsv2nl,202.40.184.247,12,"Firefox on Windows",Connected
2025-08-09T04:33:34.302Z,worker-me36j6x5l8sf40zpkaa,202.40.184.247,12,"Firefox on Windows",Connected
2025-08-09T04:33:34.876Z,worker-me36jdoeawgnly2kq8o,202.40.184.247,12,"Firefox on Windows",Connected
2025-08-09T04:33:35.438Z,worker-me36jabhppk1msi586o,202.40.184.247,12,"Firefox on Windows",Connected
2025-08-09T04:33:35.940Z,worker-me36j5sogtozeewfvnf,123.49.52.54,12,"Firefox on Windows",Disconnected
2025-08-09T04:33:35.995Z,worker-me36j5sogtozeewfvnf,202.40.184.247,12,"Firefox on Windows",Connected
2025-08-09T04:34:05.940Z,worker-me36j8ur7oesmlsv2nl,202.40.184.247,12,"Firefox on Windows",Disconnected
2025-08-09T04:34:05.940Z,worker-me36j6x5l8sf40zpkaa,202.40.184.247,12,"Firefox on Windows",Disconnected
2025-08-09T04:34:05.940Z,worker-me36jdoeawgnly2kq8o,202.40.184.247,12,"Firefox on Windows",Disconnected
2025-08-09T04:34:05.940Z,worker-me36jabhppk1msi586o,202.40.184.247,12,"Firefox on Windows",Disconnected
2025-08-09T04:35:11.704Z,worker-me36j6x5l8sf40zpkaa,202.40.184.247,12,"Firefox on Windows",Connected
2025-08-09T04:35:12.267Z,worker-me36jabhppk1msi586o,202.40.184.247,12,"Firefox on Windows",Connected
2025-08-09T04:35:12.827Z,worker-me36jdoeawgnly2kq8o,202.40.184.247,12,"Firefox on Windows",Connected
2025-08-09T04:35:13.384Z,worker-me36j8ur7oesmlsv2nl,202.40.184.247,12,"Firefox on Windows",Connected
2025-08-09T06:06:34.602Z,worker-me37ai41nx85qt5io9p,160.202.144.166,8,"Chrome on Android",Connected
2025-08-09T06:07:36.008Z,worker-me37ai41nx85qt5io9p,160.202.144.166,8,"Chrome on Android",Disconnected
2025-08-09T06:49:06.038Z,worker-me36j8ur7oesmlsv2nl,202.40.184.247,12,"Firefox on Windows",Disconnected
2025-08-09T06:49:06.038Z,worker-me36jdoeawgnly2kq8o,202.40.184.247,12,"Firefox on Windows",Disconnected
2025-08-09T06:49:06.038Z,worker-me36jabhppk1msi586o,202.40.184.247,12,"Firefox on Windows",Disconnected
2025-08-09T06:49:06.038Z,worker-me36j6x5l8sf40zpkaa,202.40.184.247,12,"Firefox on Windows",Disconnected
2025-08-09T06:49:06.038Z,worker-me36j5sogtozeewfvnf,202.40.184.247,12,"Firefox on Windows",Disconnected
2025-08-09T06:50:24.525Z,worker-me36j6x5l8sf40zpkaa,202.40.184.247,12,"Firefox on Windows",Connected
2025-08-09T06:50:25.093Z,worker-me36jdoeawgnly2kq8o,202.40.184.247,12,"Firefox on Windows",Connected
2025-08-09T06:50:25.644Z,worker-me36j8ur7oesmlsv2nl,202.40.184.247,12,"Firefox on Windows",Connected
2025-08-09T06:50:26.195Z,worker-me36jabhppk1msi586o,202.40.184.247,12,"Firefox on Windows",Connected
2025-08-09T06:50:26.742Z,worker-me36j5sogtozeewfvnf,202.40.184.247,12,"Firefox on Windows",Connected
2025-08-09T07:00:06.046Z,worker-me36j5sogtozeewfvnf,202.40.184.247,12,"Firefox on Windows",Disconnected
2025-08-09T07:00:06.046Z,worker-me36j8ur7oesmlsv2nl,202.40.184.247,12,"Firefox on Windows",Disconnected
2025-08-09T07:00:06.046Z,worker-me36jdoeawgnly2kq8o,202.40.184.247,12,"Firefox on Windows",Disconnected
2025-08-09T07:00:06.046Z,worker-me36j6x5l8sf40zpkaa,202.40.184.247,12,"Firefox on Windows",Disconnected
2025-08-09T07:00:52.842Z,worker-me36j5sogtozeewfvnf,123.49.52.54,12,"Firefox on Windows",Connected
2025-08-09T07:00:53.383Z,worker-me36jdoeawgnly2kq8o,123.49.52.54,12,"Firefox on Windows",Connected
2025-08-09T07:00:53.926Z,worker-me36j6x5l8sf40zpkaa,123.49.52.54,12,"Firefox on Windows",Connected
2025-08-09T07:00:55.393Z,worker-me36j8ur7oesmlsv2nl,123.49.52.54,12,"Firefox on Windows",Connected
2025-08-09T07:07:06.052Z,worker-me36jabhppk1msi586o,202.40.184.247,12,"Firefox on Windows",Disconnected
2025-08-09T07:08:02.821Z,worker-me36jabhppk1msi586o,123.49.52.54,12,"Firefox on Windows",Connected
2025-08-09T11:09:36.220Z,worker-me36jabhppk1msi586o,123.49.52.54,12,"Firefox on Windows",Disconnected
2025-08-09T11:09:36.220Z,worker-me36j8ur7oesmlsv2nl,123.49.52.54,12,"Firefox on Windows",Disconnected
2025-08-09T11:09:36.220Z,worker-me36j6x5l8sf40zpkaa,123.49.52.54,12,"Firefox on Windows",Disconnected
2025-08-09T11:09:36.220Z,worker-me36jdoeawgnly2kq8o,123.49.52.54,12,"Firefox on Windows",Disconnected
2025-08-09T11:09:36.220Z,worker-me36j5sogtozeewfvnf,123.49.52.54,12,"Firefox on Windows",Disconnected
2025-08-09T11:18:42.853Z,worker-me36jabhppk1msi586o,202.40.184.247,12,"Firefox on Windows",Connected
2025-08-09T11:18:43.428Z,worker-me36j8ur7oesmlsv2nl,202.40.184.247,12,"Firefox on Windows",Connected
2025-08-09T11:18:43.991Z,worker-me36j6x5l8sf40zpkaa,202.40.184.247,12,"Firefox on Windows",Connected
2025-08-09T11:18:44.550Z,worker-me36j5sogtozeewfvnf,202.40.184.247,12,"Firefox on Windows",Connected
2025-08-09T11:18:45.106Z,worker-me36jdoeawgnly2kq8o,202.40.184.247,12,"Firefox on Windows",Connected
2025-08-09T11:32:19.884Z,worker-me46dl7i80i6ta5fb57,44.251.220.21,4,"Chrome on macOS",Connected
2025-08-09T11:32:26.359Z,worker-me46dl7i80i6ta5fb57,44.251.220.21,4,"Chrome on macOS",Disconnected
2025-08-09T12:53:16.243Z,worker-me499ouvymrng5ah04,78.159.108.28,27,"Chrome on Linux",Connected
2025-08-09T12:53:20.763Z,worker-me499ouvymrng5ah04,78.159.108.28,27,"Chrome on Linux",Disconnected
2025-08-09T19:53:14.505Z,worker-me36j8ur7oesmlsv2nl,202.40.184.247,12,"Firefox on Windows",Disconnected
2025-08-09T19:53:14.505Z,worker-me36j5sogtozeewfvnf,202.40.184.247,12,"Firefox on Windows",Disconnected
2025-08-09T19:53:14.505Z,worker-me36j6x5l8sf40zpkaa,202.40.184.247,12,"Firefox on Windows",Disconnected
2025-08-09T19:53:14.506Z,worker-me36jabhppk1msi586o,202.40.184.247,12,"Firefox on Windows",Disconnected
2025-08-09T19:53:14.506Z,worker-me36jdoeawgnly2kq8o,202.40.184.247,12,"Firefox on Windows",Disconnected
2025-08-09T23:38:02.674Z,worker-me4wav34xnjoty6d7dd,52.24.250.156,4,"Chrome on macOS",Connected
2025-08-09T23:38:08.886Z,worker-me4wav34xnjoty6d7dd,52.24.250.156,4,"Chrome on macOS",Disconnected
2025-08-10T02:58:05.617Z,worker-me53g4l9qujfmijdvsm,35.91.243.161,4,"Chrome on Android",Connected
2025-08-10T02:58:12.674Z,worker-me53g4l9qujfmijdvsm,35.91.243.161,4,"Chrome on Android",Disconnected
2025-08-10T10:28:30.788Z,worker-me5jjddipzrs5zc0drp,34.210.106.77,4,"Chrome on Android",Connected
2025-08-10T10:28:37.574Z,worker-me5jjddipzrs5zc0drp,34.210.106.77,4,"Chrome on Android",Disconnected
2025-08-10T11:26:31.475Z,worker-me5llzeqb5rwmp910a4,5.101.64.6,4,"Chrome on Windows",Connected
2025-08-10T11:26:50.983Z,worker-me5llzeqb5rwmp910a4,5.101.64.6,4,"Chrome on Windows",Disconnected
2025-08-11T02:14:46.668Z,worker-me6hc9wr2a3eiaoqzjm,44.248.29.10,4,"Chrome on macOS",Connected
2025-08-11T02:14:53.087Z,worker-me6hc9wr2a3eiaoqzjm,44.248.29.10,4,"Chrome on macOS",Disconnected
2025-08-11T09:46:42.552Z,worker-me6xhgmtlotv9qhq4fp,54.218.78.215,4,"Edge on Windows",Connected
2025-08-11T09:46:48.909Z,worker-me6xhgmtlotv9qhq4fp,54.218.78.215,4,"Edge on Windows",Disconnected
2025-08-11T21:56:54.581Z,worker-me7nki6wnik1zu5ywv9,44.251.139.116,4,"Chrome on macOS",Connected
2025-08-11T21:57:00.786Z,worker-me7nki6wnik1zu5ywv9,44.251.139.116,4,"Chrome on macOS",Disconnected
2025-08-12T08:55:19.171Z,worker-me8b3859138bxb9mrduo,44.248.245.201,4,"Chrome on Android",Connected
2025-08-12T08:55:26.187Z,worker-me8b3859138bxb9mrduo,44.248.245.201,4,"Chrome on Android",Disconnected
2025-08-12T11:31:16.260Z,worker-me8gnscfl8zgcttrmre,79.127.186.235,28,"Chrome on Linux",Connected
2025-08-12T11:31:29.571Z,worker-me8gnscfl8zgcttrmre,79.127.186.235,28,"Chrome on Linux",Disconnected
2025-08-12T11:31:59.327Z,worker-me8gopj6kenecz8q07b,80.82.70.198,4,"Chrome on Windows",Connected
2025-08-12T11:32:07.688Z,worker-me8gopj6kenecz8q07b,94.102.49.123,4,"Chrome on Windows",Connected
2025-08-12T11:32:12.256Z,worker-me8gopj6kenecz8q07b,94.102.49.123,4,"Chrome on Windows",Disconnected
2025-08-12T11:32:17.652Z,worker-me8gopj6kenecz8q07b,94.102.63.27,4,"Chrome on Windows",Connected
2025-08-12T11:32:18.840Z,worker-me8gopj6kenecz8q07b,94.102.63.27,4,"Chrome on Windows",Disconnected
2025-08-12T11:33:59.755Z,worker-me8grahjoabcarovh9,212.143.94.254,16,"Chrome on Linux",Connected
2025-08-12T11:35:00.181Z,worker-me8grahjoabcarovh9,212.143.94.254,16,"Chrome on Linux",Disconnected
2025-08-12T12:02:29.277Z,worker-me8hrx2azgn1k9q9xs,83.229.7.213,36,"Safari on iOS",Connected
2025-08-12T12:02:43.574Z,worker-me8hrx2azgn1k9q9xs,83.229.7.213,36,"Safari on iOS",Disconnected
2025-08-12T12:20:14.270Z,worker-me8ier9w5vkocnmyxc5,35.172.185.108,4,"Chrome on Windows",Connected
2025-08-12T12:20:21.633Z,worker-me8ier9w5vkocnmyxc5,35.172.185.108,4,"Chrome on Windows",Disconnected
2025-08-12T13:08:15.724Z,worker-me8k4h67wc8n6hjbwi,185.102.112.221,4,"Chrome on Linux",Connected
2025-08-12T13:08:32.573Z,worker-me8k4h67wc8n6hjbwi,185.102.112.221,4,"Chrome on Linux",Disconnected
2025-08-12T21:00:56.221Z,worker-me910dllltaotys949m,54.214.225.46,4,"Safari on iOS",Connected
2025-08-12T21:01:01.775Z,worker-me910dllltaotys949m,54.214.225.46,4,"Safari on iOS",Disconnected
2025-08-13T00:05:18.775Z,worker-me97lhhp2accy13io8,34.218.66.21,4,"Chrome on Android",Connected
2025-08-13T00:05:25.776Z,worker-me97lhhp2accy13io8,34.218.66.21,4,"Chrome on Android",Disconnected
2025-08-13T08:15:11.199Z,worker-me9p3guuqh3j8nd95i,54.191.199.203,4,"Chrome on macOS",Connected
2025-08-13T08:15:16.704Z,worker-me9p3guuqh3j8nd95i,54.191.199.203,4,"Chrome on macOS",Disconnected
2025-08-13T12:44:27.037Z,worker-me9ypqytnxrk1nlip0a,93.174.93.114,4,"Chrome on Windows",Connected
2025-08-13T12:44:30.026Z,worker-me9ypqytnxrk1nlip0a,93.174.93.114,4,"Chrome on Windows",Disconnected
2025-08-13T12:44:35.544Z,worker-me9ypqytnxrk1nlip0a,94.102.49.123,4,"Chrome on Windows",Connected
2025-08-13T12:44:38.545Z,worker-me9ypqytnxrk1nlip0a,94.102.49.123,4,"Chrome on Windows",Disconnected
2025-08-13T12:44:43.997Z,worker-me9ypqytnxrk1nlip0a,80.82.70.198,4,"Chrome on Windows",Connected
2025-08-13T12:44:46.998Z,worker-me9ypqytnxrk1nlip0a,80.82.70.198,4,"Chrome on Windows",Disconnected
2025-08-13T12:44:52.382Z,worker-me9ypqytnxrk1nlip0a,94.102.63.27,4,"Chrome on Windows",Connected
2025-08-13T12:44:53.644Z,worker-me9ypqytnxrk1nlip0a,94.102.63.27,4,"Chrome on Windows",Disconnected
2025-08-13T17:17:52.337Z,worker-mea8hdk53hsowg6i74y,89.248.171.23,64,"Chrome on Windows",Connected
2025-08-13T17:18:43.843Z,worker-mea8hdk53hsowg6i74y,89.248.171.23,64,"Chrome on Windows",Disconnected
2025-08-13T20:22:21.234Z,worker-meaf2lykxb75nrypwz9,44.243.129.77,4,"Edge on Windows",Connected
2025-08-13T20:22:23.915Z,worker-meaf2lykxb75nrypwz9,44.243.129.77,4,"Edge on Windows",Disconnected
2025-08-13T23:21:12.928Z,worker-mealgmk6z9ljkixnldq,54.191.34.112,4,"Edge on Windows",Connected
2025-08-13T23:21:19.356Z,worker-mealgmk6z9ljkixnldq,54.191.34.112,4,"Edge on Windows",Disconnected
2025-08-14T07:24:54.967Z,worker-meb2qo4rbhxf01n5kuj,52.34.69.109,4,"Chrome on Android",Connected
2025-08-14T07:24:55.169Z,worker-meb2qo4rbhxf01n5kuj,52.34.69.109,4,"Chrome on Android",Disconnected
2025-08-14T14:51:09.948Z,worker-mebim85zow8r1p4gn2,160.202.144.166,8,"Chrome on Android",Connected
2025-08-14T14:52:11.357Z,worker-mebim85zow8r1p4gn2,160.202.144.166,8,"Chrome on Android",Disconnected
2025-08-14T14:52:38.928Z,worker-mebim85zow8r1p4gn2,160.202.144.166,8,"Chrome on Android",Connected
2025-08-14T14:55:41.358Z,worker-mebim85zow8r1p4gn2,160.202.144.166,8,"Chrome on Android",Disconnected
2025-08-14T19:05:30.868Z,worker-mebrrn9e1wc0kzgiy2b,35.94.58.251,4,"Chrome on Android",Connected
2025-08-14T19:05:37.391Z,worker-mebrrn9e1wc0kzgiy2b,35.94.58.251,4,"Chrome on Android",Disconnected
2025-08-14T22:10:27.483Z,worker-mebydhhnc20nvt6vso6,54.184.10.200,4,"Safari on iOS",Connected
2025-08-14T22:10:32.937Z,worker-mebydhhnc20nvt6vso6,54.184.10.200,4,"Safari on iOS",Disconnected
2025-08-15T06:02:08.366Z,worker-mecf82l4tq7oihn19v,54.189.97.46,4,"Edge on Windows",Connected
2025-08-15T06:02:14.654Z,worker-mecf82l4tq7oihn19v,54.189.97.46,4,"Edge on Windows",Disconnected
2025-08-15T18:10:30.272Z,worker-med58r5xs1vtigjsc1s,35.92.0.168,4,"Edge on Windows",Connected
2025-08-15T18:10:36.164Z,worker-med58r5xs1vtigjsc1s,35.92.0.168,4,"Edge on Windows",Disconnected
2025-08-15T21:27:54.928Z,worker-medcamla3cipuz5x2yl,52.39.245.90,4,"Chrome on macOS",Connected
2025-08-15T21:28:01.259Z,worker-medcamla3cipuz5x2yl,52.39.245.90,4,"Chrome on macOS",Disconnected
2025-08-16T05:05:25.961Z,worker-medsmzycqmwtqcekvg,44.250.243.73,4,"Safari on iOS",Connected
2025-08-16T05:05:32.511Z,worker-medsmzycqmwtqcekvg,44.250.243.73,4,"Safari on iOS",Disconnected
2025-08-17T04:28:27.769Z,worker-mef6rb1fj998fhrzd7,34.220.224.40,4,"Chrome on macOS",Connected
2025-08-17T04:28:33.258Z,worker-mef6rb1fj998fhrzd7,34.220.224.40,4,"Chrome on macOS",Disconnected
2025-08-17T16:10:55.084Z,worker-mefvuo3gqufy7mrzhl,54.212.51.89,4,"Chrome on macOS",Connected
2025-08-17T16:11:01.505Z,worker-mefvuo3gqufy7mrzhl,54.212.51.89,4,"Chrome on macOS",Disconnected
2025-08-17T19:50:50.887Z,worker-meg3pi2pnk5he77qeh,54.149.88.225,4,"Edge on Windows",Connected
2025-08-17T19:50:57.222Z,worker-meg3pi2pnk5he77qeh,54.149.88.225,4,"Edge on Windows",Disconnected
2025-08-18T03:19:59.767Z,worker-megjr3wx4hp2sah1e7f,54.68.37.213,4,"Safari on iOS",Connected
2025-08-18T03:20:06.176Z,worker-megjr3wx4hp2sah1e7f,54.68.37.213,4,"Safari on iOS",Disconnected
2025-08-18T15:45:43.089Z,worker-mehae43eitpddbg8zt,44.247.127.79,4,"Chrome on Android",Connected
2025-08-18T15:45:49.912Z,worker-mehae43eitpddbg8zt,44.247.127.79,4,"Chrome on Android",Disconnected
2025-08-18T18:56:09.538Z,worker-mehh70u3uxp6omsfnx,18.236.134.57,4,"Chrome on Android",Connected
2025-08-18T18:56:16.377Z,worker-mehh70u3uxp6omsfnx,18.236.134.57,4,"Chrome on Android",Disconnected
2025-08-19T11:26:43.974Z,worker-meigkwthr75ujow7sxh,103.133.201.85,8,"Chrome on Linux",Connected
2025-08-19T11:26:59.552Z,worker-meigkwthr75ujow7sxh,103.133.201.85,8,"Chrome on Linux",Disconnected
2025-08-19T11:27:00.539Z,worker-meigl9nuco5r7qxyg5,103.133.201.85,8,"Chrome on Linux",Connected
2025-08-19T11:27:11.273Z,worker-meigl9nuco5r7qxyg5,103.133.201.85,8,"Chrome on Linux",Disconnected
2025-08-19T14:42:11.994Z,worker-meinka3zyczzg9nw2ms,52.89.207.64,4,"Edge on Windows",Connected
2025-08-19T14:42:14.632Z,worker-meinka3zyczzg9nw2ms,52.89.207.64,4,"Edge on Windows",Disconnected
2025-08-20T01:58:17.464Z,worker-mejbpqlhrm82mubcsvb,18.236.134.57,4,"Chrome on Android",Connected
2025-08-20T01:58:24.469Z,worker-mejbpqlhrm82mubcsvb,18.236.134.57,4,"Chrome on Android",Disconnected
2025-08-20T13:27:51.317Z,worker-mek0civon72c7mu6do9,54.187.45.253,4,"Safari on iOS",Connected
2025-08-20T13:27:58.031Z,worker-mek0civon72c7mu6do9,54.187.45.253,4,"Safari on iOS",Disconnected
2025-08-20T18:35:14.562Z,worker-mekbbttj8fxg8x5fyhf,35.90.226.143,4,"Chrome on Android",Connected
2025-08-20T18:35:14.803Z,worker-mekbbttj8fxg8x5fyhf,35.90.226.143,4,"Chrome on Android",Disconnected
2025-08-21T00:44:45.758Z,worker-mekoj17l5zjrebc589v,54.214.140.132,4,"Edge on Windows",Connected
2025-08-21T00:44:52.382Z,worker-mekoj17l5zjrebc589v,54.214.140.132,4,"Edge on Windows",Disconnected
2025-08-21T11:01:18.672Z,worker-melajwyrlhtshgis4vo,123.49.52.54,12,"Chrome on Windows",Connected
2025-08-21T11:01:20.931Z,worker-melajwyrlhtshgis4vo,123.49.52.54,12,"Chrome on Windows",Disconnected
2025-08-21T11:01:28.006Z,worker-melak460kko7irfg7y9,123.49.52.54,12,"Chrome on Windows",Connected
2025-08-21T11:01:29.871Z,worker-melak460kko7irfg7y9,123.49.52.54,12,"Chrome on Windows",Disconnected
2025-08-21T11:01:38.207Z,worker-melakc15io5ijpf520s,123.49.52.54,12,"Chrome on Windows",Connected
2025-08-21T11:01:40.966Z,worker-melakc15io5ijpf520s,123.49.52.54,12,"Chrome on Windows",Disconnected
2025-08-21T11:01:41.554Z,worker-melakem95q4s2z93hyt,123.49.52.54,12,"Chrome on Windows",Connected
2025-08-21T11:01:42.818Z,worker-melakem95q4s2z93hyt,123.49.52.54,12,"Chrome on Windows",Disconnected
2025-08-21T11:03:50.318Z,worker-melan5z26bbhlmam6rq,123.49.52.54,12,"Chrome on Windows",Connected
2025-08-21T11:03:54.093Z,worker-melan5z26bbhlmam6rq,123.49.52.54,12,"Chrome on Windows",Disconnected
2025-08-21T11:03:57.978Z,worker-melanbvtn1rf4vsw05o,123.49.52.54,12,"Chrome on Windows",Connected
2025-08-21T11:03:58.926Z,worker-melanbvtn1rf4vsw05o,123.49.52.54,12,"Chrome on Windows",Disconnected
2025-08-21T12:24:15.523Z,worker-meldil7qt2eyf747rde,54.214.140.132,4,"Edge on Windows",Connected
2025-08-21T12:24:22.103Z,worker-meldil7qt2eyf747rde,54.214.140.132,4,"Edge on Windows",Disconnected
2025-08-21T16:02:44.546Z,worker-mellbk9igf5zxx13dwc,52.33.22.129,4,"Chrome on macOS",Connected
2025-08-21T16:02:50.761Z,worker-mellbk9igf5zxx13dwc,52.33.22.129,4,"Chrome on macOS",Disconnected
2025-08-22T05:33:46.672Z,worker-memeaiegyz26pr1qwr,160.202.144.166,8,"Chrome on Android",Connected
2025-08-22T05:34:13.582Z,worker-memeaiegyz26pr1qwr,160.202.144.166,8,"Chrome on Android",Disconnected
2025-08-22T05:34:15.624Z,worker-memeb5fvtbz2ijjq358,160.202.144.166,8,"Chrome on Android",Connected
2025-08-22T05:34:25.701Z,worker-memebdle9p3hcpsx31,160.202.144.166,8,"Chrome on Android",Connected
2025-08-22T05:35:12.161Z,worker-memecdqjurwn5q80ol,160.202.144.166,8,"Chrome on Android",Connected
2025-08-22T05:38:36.918Z,worker-memegpwedzj45dqymio,160.202.144.166,8,"Chrome on Android",Connected
2025-08-22T05:40:15.906Z,worker-memeiurvojurob4z6nr,160.202.144.166,8,"Chrome on Android",Connected
2025-08-22T05:40:30.207Z,worker-memej5wnq7zgyoo86y,160.202.144.166,8,"Chrome on Android",Connected
2025-08-22T05:49:59.076Z,worker-memevbx0mfxbyl4fgum,160.202.144.166,8,"Chrome on Android",Connected
2025-08-22T05:58:35.015Z,worker-memevbx0mfxbyl4fgum,160.202.144.166,8,"Chrome on Android",Disconnected
2025-08-22T05:59:38.924Z,worker-memf7szyx7r1zzl7n99,160.202.144.166,8,"Chrome on Android",Connected
2025-08-22T06:03:42.104Z,worker-memfczuytayqnxki5vg,202.40.184.247,12,"Firefox on Windows",Connected
2025-08-22T06:03:47.055Z,worker-memfd3n8m6q9e6jidon,202.40.184.247,12,"Firefox on Windows",Connected
2025-08-22T06:03:49.461Z,worker-memfd5iqqtqfrxswn1s,202.40.184.247,12,"Firefox on Windows",Connected
2025-08-22T06:03:51.917Z,worker-memfd74l1p6pj3asle3,202.40.184.247,12,"Firefox on Windows",Connected
2025-08-22T06:03:53.703Z,worker-memfd8t9trvbunwpb3,202.40.184.247,12,"Firefox on Windows",Connected
2025-08-22T06:05:24.946Z,worker-me36iicy9lzp9q86aqb,160.202.144.166,8,"Chrome on Windows",Connected
2025-08-22T06:05:25.646Z,worker-me36igpfn78ujl9td2s,160.202.144.166,8,"Chrome on Windows",Connected
2025-08-22T06:08:03.565Z,worker-me36imqanmhrk8bceed,160.202.144.166,2,"Chrome on Windows",Connected
2025-08-22T06:08:04.244Z,worker-me36ip43gqburyhb6sc,160.202.144.166,2,"Chrome on Windows",Connected
2025-08-22T06:09:51.019Z,worker-memf7szyx7r1zzl7n99,160.202.144.166,8,"Chrome on Android",Disconnected
2025-08-22T06:10:43.861Z,worker-memej5wnq7zgyoo86y,160.202.144.166,8,"Chrome on Android",Disconnected
2025-08-22T06:10:44.698Z,worker-memfm2i82oci2813kdn,160.202.144.166,8,"Chrome on Android",Connected
2025-08-22T06:11:00.491Z,worker-memfmf5twhjslmzalo9,160.202.144.166,8,"Chrome on Android",Connected
2025-08-22T06:18:18.373Z,worker-memfmf5twhjslmzalo9,160.202.144.166,8,"Chrome on Android",Disconnected
2025-08-22T06:18:38.494Z,worker-memfw8r4ykm4icid90i,160.202.144.166,8,"Chrome on Android",Connected
2025-08-22T06:21:36.017Z,worker-me36igpfn78ujl9td2s,160.202.144.166,8,"Chrome on Windows",Disconnected
2025-08-22T06:21:36.138Z,worker-me36ip43gqburyhb6sc,160.202.144.166,2,"Chrome on Windows",Disconnected
2025-08-22T06:21:36.420Z,worker-me36imqanmhrk8bceed,160.202.144.166,2,"Chrome on Windows",Disconnected
2025-08-22T06:21:36.481Z,worker-me36iicy9lzp9q86aqb,160.202.144.166,8,"Chrome on Windows",Disconnected
2025-08-22T06:21:57.686Z,worker-memfw8r4ykm4icid90i,160.202.144.166,8,"Chrome on Android",Disconnected
2025-08-22T06:21:57.693Z,worker-memfm2i82oci2813kdn,160.202.144.166,8,"Chrome on Android",Disconnected
2025-08-22T06:21:57.694Z,worker-memeiurvojurob4z6nr,160.202.144.166,8,"Chrome on Android",Disconnected
2025-08-22T06:21:57.698Z,worker-memegpwedzj45dqymio,160.202.144.166,8,"Chrome on Android",Disconnected
2025-08-22T06:21:57.703Z,worker-memecdqjurwn5q80ol,160.202.144.166,8,"Chrome on Android",Disconnected
2025-08-22T06:21:57.709Z,worker-memebdle9p3hcpsx31,160.202.144.166,8,"Chrome on Android",Disconnected
2025-08-22T06:21:57.714Z,worker-memeb5fvtbz2ijjq358,160.202.144.166,8,"Chrome on Android",Disconnected
2025-08-22T06:23:56.109Z,worker-memeiurvojurob4z6nr,160.202.144.166,8,"Chrome on Android",Connected
2025-08-22T06:23:58.501Z,worker-me36igpfn78ujl9td2s,160.202.144.166,8,"Chrome on Windows",Connected
2025-08-22T06:23:58.621Z,worker-me36ip43gqburyhb6sc,160.202.144.166,2,"Chrome on Windows",Connected
2025-08-22T06:23:59.379Z,worker-me36imqanmhrk8bceed,160.202.144.166,2,"Chrome on Windows",Connected
2025-08-22T06:24:00.267Z,worker-me36iicy9lzp9q86aqb,160.202.144.166,8,"Chrome on Windows",Connected
2025-08-22T06:24:37.023Z,worker-memegpwedzj45dqymio,202.134.11.203,8,"Chrome on Android",Connected
2025-08-22T06:25:04.790Z,worker-memebdle9p3hcpsx31,160.202.144.166,8,"Chrome on Android",Connected
2025-08-22T06:25:09.636Z,worker-memegpwedzj45dqymio,202.134.11.203,8,"Chrome on Android",Disconnected
2025-08-22T06:25:16.290Z,worker-memegpwedzj45dqymio,160.202.144.166,8,"Chrome on Android",Connected
2025-08-22T06:25:25.246Z,worker-memfw8r4ykm4icid90i,160.202.144.166,8,"Chrome on Android",Connected
2025-08-22T06:40:19.399Z,worker-memeiurvojurob4z6nr,160.202.144.166,8,"Chrome on Android",Disconnected
2025-08-22T06:59:57.703Z,worker-memebdle9p3hcpsx31,160.202.144.166,8,"Chrome on Android",Disconnected
2025-08-22T07:37:11.341Z,worker-memegpwedzj45dqymio,160.202.144.166,8,"Chrome on Android",Disconnected
2025-08-22T08:18:56.846Z,worker-me36imqanmhrk8bceed,160.202.144.166,2,"Chrome on Windows",Disconnected
2025-08-22T08:18:56.846Z,worker-me36ip43gqburyhb6sc,160.202.144.166,2,"Chrome on Windows",Disconnected
2025-08-22T08:18:56.856Z,worker-me36iicy9lzp9q86aqb,160.202.144.166,8,"Chrome on Windows",Disconnected
2025-08-22T08:18:56.859Z,worker-me36igpfn78ujl9td2s,160.202.144.166,8,"Chrome on Windows",Disconnected
2025-08-22T09:21:57.358Z,worker-memfd74l1p6pj3asle3,202.40.184.247,12,"Firefox on Windows",Connected
2025-08-22T09:21:57.912Z,worker-memfd8t9trvbunwpb3,202.40.184.247,12,"Firefox on Windows",Connected
2025-08-22T09:21:58.474Z,worker-memfd3n8m6q9e6jidon,202.40.184.247,12,"Firefox on Windows",Connected
2025-08-22T09:21:59.035Z,worker-memfd5iqqtqfrxswn1s,202.40.184.247,12,"Firefox on Windows",Connected
2025-08-22T09:21:59.594Z,worker-memfczuytayqnxki5vg,202.40.184.247,12,"Firefox on Windows",Connected
2025-08-22T09:22:22.930Z,worker-memfczuytayqnxki5vg,202.40.184.247,12,"Firefox on Windows",Connected
2025-08-22T09:22:23.490Z,worker-memfd3n8m6q9e6jidon,202.40.184.247,12,"Firefox on Windows",Connected
2025-08-22T09:22:24.052Z,worker-memfd74l1p6pj3asle3,202.40.184.247,12,"Firefox on Windows",Connected
2025-08-22T09:22:24.606Z,worker-memfd5iqqtqfrxswn1s,202.40.184.247,12,"Firefox on Windows",Connected
2025-08-22T09:22:25.162Z,worker-memfd8t9trvbunwpb3,202.40.184.247,12,"Firefox on Windows",Connected
2025-08-22T09:22:48.244Z,worker-memfd8t9trvbunwpb3,202.40.184.247,12,"Firefox on Windows",Disconnected
2025-08-22T09:22:48.245Z,worker-memfczuytayqnxki5vg,202.40.184.247,12,"Firefox on Windows",Disconnected
2025-08-22T09:22:48.245Z,worker-memfd3n8m6q9e6jidon,202.40.184.247,12,"Firefox on Windows",Disconnected
2025-08-22T09:22:48.245Z,worker-memfd74l1p6pj3asle3,202.40.184.247,12,"Firefox on Windows",Disconnected
2025-08-22T09:22:48.245Z,worker-memfd5iqqtqfrxswn1s,202.40.184.247,12,"Firefox on Windows",Disconnected
2025-08-22T09:22:53.997Z,worker-memfd5iqqtqfrxswn1s,202.40.184.247,12,"Firefox on Windows",Connected
2025-08-22T09:22:54.555Z,worker-memfd74l1p6pj3asle3,202.40.184.247,12,"Firefox on Windows",Connected
2025-08-22T09:22:55.117Z,worker-memfd3n8m6q9e6jidon,202.40.184.247,12,"Firefox on Windows",Connected
2025-08-22T09:22:55.679Z,worker-memfd8t9trvbunwpb3,202.40.184.247,12,"Firefox on Windows",Connected
2025-08-22T09:22:56.240Z,worker-memfczuytayqnxki5vg,202.40.184.247,12,"Firefox on Windows",Connected
2025-08-22T09:24:34.382Z,worker-memfd74l1p6pj3asle3,123.49.52.54,12,"Firefox on Windows",Connected
2025-08-22T09:24:34.931Z,worker-memfd5iqqtqfrxswn1s,123.49.52.54,12,"Firefox on Windows",Connected
2025-08-22T09:24:35.477Z,worker-memfd3n8m6q9e6jidon,123.49.52.54,12,"Firefox on Windows",Connected
2025-08-22T09:24:36.026Z,worker-memfczuytayqnxki5vg,123.49.52.54,12,"Firefox on Windows",Connected
2025-08-22T09:24:36.580Z,worker-memfd8t9trvbunwpb3,123.49.52.54,12,"Firefox on Windows",Connected
2025-08-22T09:30:23.990Z,worker-memmqr8c2uellwyur7a,160.202.144.166,8,"Firefox on Windows",Connected
2025-08-22T09:30:30.991Z,worker-memmqwitrmf0l7yyqi,160.202.144.166,8,"Firefox on Windows",Connected
2025-08-22T09:30:33.425Z,worker-memmqykfboz7od1nqrw,160.202.144.166,8,"Firefox on Windows",Connected
2025-08-22T09:30:35.635Z,worker-memmr09iuy0mcsk6nup,160.202.144.166,8,"Firefox on Windows",Connected
2025-08-22T09:30:43.437Z,worker-memmr6529dxoj81krl8,160.202.144.166,8,"Firefox on Windows",Connected
2025-08-22T09:37:48.095Z,worker-memfd8t9trvbunwpb3,123.49.52.54,12,"Firefox on Windows",Disconnected
2025-08-22T09:37:49.858Z,worker-memn0cyrrclpuqm1npd,123.49.52.54,12,"Firefox on Windows",Connected
2025-08-22T09:37:51.951Z,worker-memfczuytayqnxki5vg,123.49.52.54,12,"Firefox on Windows",Disconnected
2025-08-22T09:37:52.768Z,worker-memn0f7fa9dyq22m0uf,123.49.52.54,12,"Firefox on Windows",Connected
2025-08-22T09:37:53.886Z,worker-memfd3n8m6q9e6jidon,123.49.52.54,12,"Firefox on Windows",Disconnected
2025-08-22T09:37:54.714Z,worker-memn0gpjwt5b43ilor,123.49.52.54,12,"Firefox on Windows",Connected
2025-08-22T09:37:55.745Z,worker-memfd5iqqtqfrxswn1s,123.49.52.54,12,"Firefox on Windows",Disconnected
2025-08-22T09:37:56.561Z,worker-memn0i51bng65a6ow7,123.49.52.54,12,"Firefox on Windows",Connected
2025-08-22T09:37:57.693Z,worker-memfd74l1p6pj3asle3,123.49.52.54,12,"Firefox on Windows",Disconnected
2025-08-22T09:37:58.510Z,worker-memn0jn9ap7sgxykobc,123.49.52.54,12,"Firefox on Windows",Connected
2025-08-22T09:38:00.565Z,worker-memn0cyrrclpuqm1npd,123.49.52.54,12,"Firefox on Windows",Disconnected
2025-08-22T09:38:01.376Z,worker-memn0lurzfirnluqhh,123.49.52.54,12,"Firefox on Windows",Connected
2025-08-22T09:38:05.873Z,worker-memmqr8c2uellwyur7a,160.202.144.166,8,"Firefox on Windows",Disconnected
2025-08-22T09:38:07.320Z,worker-memn0orjya9hyi2ws7,160.202.144.166,8,"Firefox on Windows",Connected
2025-08-22T09:38:08.040Z,worker-memmqwitrmf0l7yyqi,160.202.144.166,8,"Firefox on Windows",Disconnected
2025-08-22T09:38:08.989Z,worker-memmqykfboz7od1nqrw,160.202.144.166,8,"Firefox on Windows",Disconnected
2025-08-22T09:38:08.999Z,worker-memn0q3613w8izmtuxvn,160.202.144.166,8,"Firefox on Windows",Connected
2025-08-22T09:38:09.854Z,worker-memmr09iuy0mcsk6nup,160.202.144.166,8,"Firefox on Windows",Disconnected
2025-08-22T09:38:09.928Z,worker-memn0qsveem4uwx1of,160.202.144.166,8,"Firefox on Windows",Connected
2025-08-22T09:38:10.706Z,worker-memmr6529dxoj81krl8,160.202.144.166,8,"Firefox on Windows",Disconnected
2025-08-22T09:38:10.841Z,worker-memn0rgxjpuqv5exme,160.202.144.166,8,"Firefox on Windows",Connected
2025-08-22T09:38:11.637Z,worker-memn0s4ouh41aeerj7j,160.202.144.166,8,"Firefox on Windows",Connected
2025-08-22T09:38:50.876Z,worker-memn1p0hwgy8ueohoum,160.202.144.166,8,"Chrome on Android",Connected
2025-08-22T09:39:28.469Z,worker-memn2hcfmy4id3kt5al,160.202.144.166,8,"Chrome on Android",Connected
2025-08-22T09:39:31.462Z,worker-memn2hcfmy4id3kt5al,160.202.144.166,8,"Chrome on Android",Disconnected
2025-08-22T09:39:32.676Z,worker-memn2lieq8kng8d45et,160.202.144.166,8,"Chrome on Android",Connected
2025-08-22T09:40:05.345Z,worker-memn38e1jbi6lzmg8l,160.202.144.166,8,"Chrome on Android",Connected
2025-08-22T09:40:05.346Z,worker-memn38e1jbi6lzmg8l,160.202.144.166,8,"Chrome on Android",Disconnected
2025-08-22T09:40:07.749Z,worker-memn3apqf07z1lzvajv,160.202.144.166,8,"Chrome on Android",Connected
2025-08-22T09:41:37.480Z,worker-memn59vuc6ved2e54w,160.202.144.166,8,"Chrome on Android",Connected
2025-08-22T09:55:58.725Z,worker-memn1p0hwgy8ueohoum,160.202.144.166,8,"Chrome on Android",Connected
2025-08-22T09:56:51.267Z,worker-memn3apqf07z1lzvajv,160.202.144.166,8,"Chrome on Android",Disconnected
2025-08-22T09:56:51.283Z,worker-memn1p0hwgy8ueohoum,160.202.144.166,8,"Chrome on Android",Disconnected
2025-08-22T09:57:19.042Z,worker-memn3apqf07z1lzvajv,160.202.144.166,8,"Chrome on Android",Connected
2025-08-22T09:57:51.268Z,worker-memn3apqf07z1lzvajv,160.202.144.166,8,"Chrome on Android",Disconnected
2025-08-22T09:59:00.450Z,worker-memn1p0hwgy8ueohoum,160.202.144.166,8,"Chrome on Android",Connected
2025-08-22T09:59:18.384Z,worker-memn3apqf07z1lzvajv,160.202.144.166,8,"Chrome on Android",Connected
2025-08-22T09:59:51.285Z,worker-memn3apqf07z1lzvajv,160.202.144.166,8,"Chrome on Android",Disconnected
2025-08-22T10:00:18.022Z,worker-memn3apqf07z1lzvajv,160.202.144.166,8,"Chrome on Android",Connected
2025-08-22T10:00:51.308Z,worker-memn3apqf07z1lzvajv,160.202.144.166,8,"Chrome on Android",Disconnected
2025-08-22T10:15:52.293Z,worker-memn2lieq8kng8d45et,160.202.144.166,8,"Chrome on Android",Disconnected
2025-08-22T10:21:21.363Z,worker-memn1p0hwgy8ueohoum,160.202.144.166,8,"Chrome on Android",Disconnected
2025-08-22T10:21:29.951Z,worker-memokiw3y46dvtdtk8p,160.202.144.166,8,"Chrome on Android",Connected
2025-08-22T10:21:47.219Z,worker-memokiw3y46dvtdtk8p,160.202.144.166,8,"Chrome on Android",Disconnected
2025-08-22T10:21:50.345Z,worker-memokyw95sht9nta7yv,160.202.144.166,8,"Chrome on Android",Connected
2025-08-22T10:26:21.365Z,worker-memokyw95sht9nta7yv,160.202.144.166,8,"Chrome on Android",Disconnected
2025-08-22T10:26:29.786Z,worker-memokyw95sht9nta7yv,160.202.144.166,8,"Chrome on Android",Connected
2025-08-22T10:31:21.370Z,worker-memokyw95sht9nta7yv,160.202.144.166,8,"Chrome on Android",Disconnected
2025-08-22T11:20:21.402Z,worker-memn0s4ouh41aeerj7j,160.202.144.166,8,"Firefox on Windows",Disconnected
2025-08-22T11:20:21.402Z,worker-memn0rgxjpuqv5exme,160.202.144.166,8,"Firefox on Windows",Disconnected
2025-08-22T11:20:21.402Z,worker-memn0qsveem4uwx1of,160.202.144.166,8,"Firefox on Windows",Disconnected
2025-08-22T11:20:21.402Z,worker-memn0q3613w8izmtuxvn,160.202.144.166,8,"Firefox on Windows",Disconnected
2025-08-22T11:20:21.402Z,worker-memn0orjya9hyi2ws7,160.202.144.166,8,"Firefox on Windows",Disconnected
2025-08-22T11:36:21.413Z,worker-memn59vuc6ved2e54w,160.202.144.166,8,"Chrome on Android",Disconnected
2025-08-22T11:39:25.574Z,worker-memn1p0hwgy8ueohoum,202.134.14.142,8,"Chrome on Android",Connected
2025-08-22T11:54:43.111Z,worker-memrwgdhvvgrdfnx5c,54.189.86.236,4,"Chrome on Android",Connected
2025-08-22T11:54:49.712Z,worker-memrwgdhvvgrdfnx5c,54.189.86.236,4,"Chrome on Android",Disconnected
2025-08-22T12:08:21.437Z,worker-memn1p0hwgy8ueohoum,202.134.14.142,8,"Chrome on Android",Disconnected
2025-08-22T15:27:29.611Z,worker-memzi30p7w1tq0a3zd,44.244.253.82,4,"Chrome on Android",Connected
2025-08-22T15:27:30.245Z,worker-memzi30p7w1tq0a3zd,44.244.253.82,4,"Chrome on Android",Disconnected
2025-08-22T17:29:47.914Z,worker-memn0s4ouh41aeerj7j,160.202.144.166,8,"Firefox on Windows",Connected
2025-08-22T17:29:48.491Z,worker-memn0q3613w8izmtuxvn,160.202.144.166,8,"Firefox on Windows",Connected
2025-08-22T17:29:49.061Z,worker-memn0qsveem4uwx1of,160.202.144.166,8,"Firefox on Windows",Connected
2025-08-22T17:29:49.640Z,worker-memn0rgxjpuqv5exme,160.202.144.166,8,"Firefox on Windows",Connected
2025-08-22T17:29:50.204Z,worker-memn0orjya9hyi2ws7,160.202.144.166,8,"Firefox on Windows",Connected
2025-08-22T17:29:51.300Z,worker-memn0rgxjpuqv5exme,160.202.144.166,8,"Firefox on Windows",Disconnected
2025-08-22T17:29:51.300Z,worker-memn0s4ouh41aeerj7j,160.202.144.166,8,"Firefox on Windows",Disconnected
2025-08-22T17:29:51.300Z,worker-memn0orjya9hyi2ws7,160.202.144.166,8,"Firefox on Windows",Disconnected
2025-08-22T17:29:51.302Z,worker-memn0qsveem4uwx1of,160.202.144.166,8,"Firefox on Windows",Disconnected
2025-08-22T17:29:51.303Z,worker-memn0q3613w8izmtuxvn,160.202.144.166,8,"Firefox on Windows",Disconnected
2025-08-22T22:40:09.508Z,worker-meneyhut0d48u6dcy5hh,35.90.215.39,4,"Chrome on Android",Connected
2025-08-22T22:40:09.931Z,worker-meneyhut0d48u6dcy5hh,35.90.215.39,4,"Chrome on Android",Disconnected
2025-08-23T04:48:35.731Z,worker-memn0jn9ap7sgxykobc,123.49.52.54,12,"Firefox on Windows",Connected
2025-08-23T04:48:36.269Z,worker-memn0lurzfirnluqhh,123.49.52.54,12,"Firefox on Windows",Connected
2025-08-23T04:48:36.816Z,worker-memn0gpjwt5b43ilor,123.49.52.54,12,"Firefox on Windows",Connected
2025-08-23T04:48:37.358Z,worker-memn0i51bng65a6ow7,123.49.52.54,12,"Firefox on Windows",Connected
2025-08-23T04:48:37.901Z,worker-memn0f7fa9dyq22m0uf,123.49.52.54,12,"Firefox on Windows",Connected
